country,year,oil_consumption_twh
Africa (EI),1990,1135.959
Africa (EI),1991,1141.91
Africa (EI),1992,1164.203
Africa (EI),1993,1176.172
Africa (EI),1994,1214.283
Africa (EI),1995,1256.219
Africa (EI),1996,1283.562
Africa (EI),1997,1324.026
Africa (EI),1998,1355.386 
Africa (EI),1999,1404.945
Africa (EI),2000,1408.378
Africa (EI),2001,1423.501
Africa (EI),2002,1457.352
Africa (EI),2003,1501.717
Africa (EI),2004,1571.925
Africa (EI),2005,1641.285
Africa (EI),2006,1656.849
Africa (EI),2007,1720.895
Africa (EI),2008,1807.122
Africa (EI),2009,1872.024
Africa (EI),2010,1952.045
Africa (EI),2011,1921.688
Africa (EI),2012,2045.347
Africa (EI),2013,2122.528
Africa (EI),2014,2144.314
Africa (EI),2015,2202.631
Africa (EI),2016,2221.606
Africa (EI),2017,2265.236
Africa (EI),2018,2299.429
Africa (EI),2019,2295.121
Africa (EI),2020,2055.278
Africa (EI),2021,2242.395
Africa (EI),2022,2361.337
Africa (EI),2023,2358.967
Algeria,1990,111.812
Algeria,1991,110.628
Algeria,1992,111.293
Algeria,1993,110.755
Algeria,1994,106.051
Algeria,1995,103.142
Algeria,1996,98.422
Algeria,1997,97.643
Algeria,1998,100.659
Algeria,1999,98.898
Algeria,2000,103.132
Algeria,2001,106.775
Algeria,2002,118.397
Algeria,2003,123.174
Algeria,2004,128.747
Algeria,2005,134.213
Algeria,2006,139.846
Algeria,2007,156.39
Algeria,2008,169.916
Algeria,2009,180.134
Algeria,2010,181.612
Algeria,2011,192.228
Algeria,2012,204.395
Algeria,2013,213.576
Algeria,2014,221.925
Algeria,2015,236.148
Algeria,2016,229.564
Algeria,2017,225.512
Algeria,2018,227.786
Algeria,2019,236.951
Algeria,2020,211.925
Algeria,2021,221.204
Algeria,2022,226.853
Algeria,2023,238.201
Argentina,1990,229.973
Argentina,1991,240.283
Argentina,1992,252.706
Argentina,1993,247.78
Argentina,1994,261.495
Argentina,1995,259.544
Argentina,1996,259.824
Argentina,1997,275.3
Argentina,1998,283.285
Argentina,1999,287.107
Argentina,2000,264.938
Argentina,2001,245.349
Argentina,2002,232.869
Argentina,2003,237.502
Argentina,2004,254.686
Argentina,2005,266.664
Argentina,2006,281.325
Argentina,2007,312.609
Argentina,2008,316.196
Argentina,2009,302.028
Argentina,2010,327.436
Argentina,2011,339.912
Argentina,2012,360.511
Argentina,2013,382.58
Argentina,2014,379.916
Argentina,2015,387.81
Argentina,2016,375.905
Argentina,2017,371.477
Argentina,2018,354.626
Argentina,2019,321.832
Argentina,2020,288.195
Argentina,2021,350.891
Argentina,2022,411.806
Argentina,2023,391.435
Asia Pacific (EI),1990,7787.436
Asia Pacific (EI),1991,8178.223
Asia Pacific (EI),1992,8732.067
Asia Pacific (EI),1993,9124.5
Asia Pacific (EI),1994,9633.183
Asia Pacific (EI),1995,10245.22
Asia Pacific (EI),1996,10775.912
Asia Pacific (EI),1997,11306.241
Asia Pacific (EI),1998,11071.979
Asia Pacific (EI),1999,11541.22
Asia Pacific (EI),2000,11934.534
Asia Pacific (EI),2001,12020.818
Asia Pacific (EI),2002,12302.249
Asia Pacific (EI),2003,12824.504
Asia Pacific (EI),2004,13609.821
Asia Pacific (EI),2005,13754.691
Asia Pacific (EI),2006,14049.638
Asia Pacific (EI),2007,14497.481
Asia Pacific (EI),2008,14452.993
Asia Pacific (EI),2009,14544.89
Asia Pacific (EI),2010,15492.63
Asia Pacific (EI),2011,15883.359
Asia Pacific (EI),2012,16568.738
Asia Pacific (EI),2013,16802.957
Asia Pacific (EI),2014,17034.527
Asia Pacific (EI),2015,17810.514
Asia Pacific (EI),2016,18480.309
Asia Pacific (EI),2017,19091.6
Asia Pacific (EI),2018,19539.6
Asia Pacific (EI),2019,19871.473
Asia Pacific (EI),2020,18787.066
Asia Pacific (EI),2021,19298.129
Asia Pacific (EI),2022,19781.641
Asia Pacific (EI),2023,20861.533
Australia,1990,392.904
Australia,1991,381.255
Australia,1992,388.779
Australia,1993,402.416
Australia,1994,415.674
Australia,1995,427.777
Australia,1996,439.015
Australia,1997,446.058
Australia,1998,445.97
Australia,1999,456.154
Australia,2000,455.982
Australia,2001,457.085
Australia,2002,461.975
Australia,2003,460.26
Australia,2004,471.296
Australia,2005,478.702
Australia,2006,493.642
Australia,2007,506.27
Australia,2008,512.716
Australia,2009,504.141
Australia,2010,519.307
Australia,2011,547.06
Australia,2012,561.419
Australia,2013,578.037
Australia,2014,575.428
Australia,2015,570.297
Australia,2016,571.459
Australia,2017,599.256
Australia,2018,609.635
Australia,2019,603.784
Australia,2020,521.934
Australia,2021,535.5
Australia,2022,568.555
Australia,2023,601.654
Austria,1990,127.43
Austria,1991,136.873
Austria,1992,134.139
Austria,1993,136.786
Austria,1994,134.748
Austria,1995,135.624
Austria,1996,147.857
Austria,1997,147.184
Austria,1998,155.298
Austria,1999,147.59
Austria,2000,145.702
Austria,2001,155.139
Austria,2002,157.876
Austria,2003,167.63
Austria,2004,170.164
Austria,2005,170.741
Austria,2006,169.869
Austria,2007,163.243
Austria,2008,158.703
Austria,2009,149.565
Austria,2010,154.078
Austria,2011,145.069
Austria,2012,142.342
Austria,2013,145.649
Austria,2014,141.401
Austria,2015,142.845
Austria,2016,146.155
Austria,2017,146.429
Austria,2018,148.913
Austria,2019,153.201
Austria,2020,133.029
Austria,2021,140.215
Austria,2022,135.033
Austria,2023,135.028
Azerbaijan,1990,100.395
Azerbaijan,1991,96.801
Azerbaijan,1992,94.319
Azerbaijan,1993,94.055
Azerbaijan,1994,86.159
Azerbaijan,1995,77.677
Azerbaijan,1996,69.772
Azerbaijan,1997,66.403
Azerbaijan,1998,69.873
Azerbaijan,1999,67.245
Azerbaijan,2000,74.691
Azerbaijan,2001,47.594
Azerbaijan,2002,43.698
Azerbaijan,2003,50.912
Azerbaijan,2004,54.573
Azerbaijan,2005,63.799
Azerbaijan,2006,57.113
Azerbaijan,2007,56.479
Azerbaijan,2008,44.338
Azerbaijan,2009,37.847
Azerbaijan,2010,37.244
Azerbaijan,2011,48.97
Azerbaijan,2012,51.289
Azerbaijan,2013,55.715
Azerbaijan,2014,54.86
Azerbaijan,2015,55.601
Azerbaijan,2016,55.193
Azerbaijan,2017,55.699
Azerbaijan,2018,62.741
Azerbaijan,2019,63.159
Azerbaijan,2020,57.751
Azerbaijan,2021,65.339
Azerbaijan,2022,69.259
Azerbaijan,2023,71.342
Bangladesh,1990,22.228
Bangladesh,1991,20.623
Bangladesh,1992,23.004
Bangladesh,1993,25.769
Bangladesh,1994,26.857
Bangladesh,1995,34.853
Bangladesh,1996,35.606
Bangladesh,1997,40.877
Bangladesh,1998,45.056
Bangladesh,1999,40.184
Bangladesh,2000,39.488
Bangladesh,2001,47.167
Bangladesh,2002,42.876
Bangladesh,2003,43.894
Bangladesh,2004,45.732
Bangladesh,2005,46.996
Bangladesh,2006,47.272
Bangladesh,2007,45.713
Bangladesh,2008,45.394
Bangladesh,2009,42.926
Bangladesh,2010,47.633
Bangladesh,2011,60.02
Bangladesh,2012,68.357
Bangladesh,2013,69.64
Bangladesh,2014,76.665
Bangladesh,2015,92.684
Bangladesh,2016,96.11
Bangladesh,2017,108.254
Bangladesh,2018,124.194
Bangladesh,2019,121.873
Bangladesh,2020,102.721
Bangladesh,2021,140.567
Bangladesh,2022,171.402
Bangladesh,2023,143.814
Belarus,1990,311.878
Belarus,1991,306.031
Belarus,1992,226.377
Belarus,1993,174.433
Belarus,1994,142.508
Belarus,1995,124.317
Belarus,1996,122.274
Belarus,1997,107.041
Belarus,1998,101.113
Belarus,1999,92.492
Belarus,2000,91.411
Belarus,2001,88.449
Belarus,2002,93.126
Belarus,2003,94.287
Belarus,2004,92.366
Belarus,2005,85.994
Belarus,2006,100.911
Belarus,2007,91.785
Belarus,2008,91.367
Belarus,2009,105.462
Belarus,2010,90.624
Belarus,2011,98.655
Belarus,2012,121.08
Belarus,2013,90.81
Belarus,2014,93.064
Belarus,2015,78.404
Belarus,2016,84.304
Belarus,2017,83.84
Belarus,2018,97.461
Belarus,2019,99.327
Belarus,2020,95.61
Belarus,2021,90.425
Belarus,2022,83.48
Belarus,2023,84.472
Belgium,1990,279.091
Belgium,1991,299.267
Belgium,1992,305.273
Belgium,1993,300.306
Belgium,1994,326.463
Belgium,1995,325.266
Belgium,1996,352.254
Belgium,1997,360.931
Belgium,1998,365.943
Belgium,1999,353.812
Belgium,2000,359.535
Belgium,2001,365.036
Belgium,2002,366.563
Belgium,2003,387.416
Belgium,2004,392.122
Belgium,2005,389.986
Belgium,2006,388.743
Belgium,2007,392.629
Belgium,2008,411.841
Belgium,2009,360.922
Belgium,2010,374.983
Belgium,2011,350.517
Belgium,2012,337.581
Belgium,2013,345.841
Belgium,2014,338.911
Belgium,2015,348.062
Belgium,2016,352.991
Belgium,2017,357.474
Belgium,2018,383.168
Belgium,2019,358.856
Belgium,2020,307.183
Belgium,2021,341.012
Belgium,2022,331.763
Belgium,2023,315.108
Brazil,1990,719.214
Brazil,1991,720.024
Brazil,1992,723.331
Brazil,1993,753.877
Brazil,1994,801.578
Brazil,1995,859.955
Brazil,1996,921.485
Brazil,1997,1003.697
Brazil,1998,1042.421
Brazil,1999,1044.327
Brazil,2000,1091.095
Brazil,2001,1099.673
Brazil,2002,1077.904
Brazil,2003,1048.221
Brazil,2004,1083.564
Brazil,2005,1101.676
Brazil,2006,1126.731
Brazil,2007,1183.292
Brazil,2008,1231.772
Brazil,2009,1218.802
Brazil,2010,1305.481
Brazil,2011,1351.837
Brazil,2012,1431.951
Brazil,2013,1471.003
Brazil,2014,1529.594
Brazil,2015,1436.562
Brazil,2016,1360.291
Brazil,2017,1374.216
Brazil,2018,1307.221
Brazil,2019,1301.595
Brazil,2020,1228.752
Brazil,2021,1327.642
Brazil,2022,1390.7
Brazil,2023,1418.943
Bulgaria,1990,118.901
Bulgaria,1991,79.4
Bulgaria,1992,71.275
Bulgaria,1993,77.613
Bulgaria,1994,73.341
Bulgaria,1995,75.311
Bulgaria,1996,69.351
Bulgaria,1997,54.519
Bulgaria,1998,57.887
Bulgaria,1999,53.774
Bulgaria,2000,50.755
Bulgaria,2001,52.528
Bulgaria,2002,52.799
Bulgaria,2003,55.726
Bulgaria,2004,53.975
Bulgaria,2005,59.34
Bulgaria,2006,60.025
Bulgaria,2007,58.885
Bulgaria,2008,57.867
Bulgaria,2009,52.825
Bulgaria,2010,47.892
Bulgaria,2011,45.733
Bulgaria,2012,47.573
Bulgaria,2013,44.215
Bulgaria,2014,47.712
Bulgaria,2015,53.301
Bulgaria,2016,54.21
Bulgaria,2017,56.917
Bulgaria,2018,56.656
Bulgaria,2019,59.417
Bulgaria,2020,53.383
Bulgaria,2021,56.078
Bulgaria,2022,59.941
Bulgaria,2023,59.203
CIS (EI),1990,4011.184
CIS (EI),1991,3867.111
CIS (EI),1992,3583.423
CIS (EI),1993,2957.161
CIS (EI),1994,2563.17
CIS (EI),1995,2262.131
CIS (EI),1996,1989.722
CIS (EI),1997,1966.382
CIS (EI),1998,1875.146
CIS (EI),1999,1866.265
CIS (EI),2000,1879.615
CIS (EI),2001,1881.364
CIS (EI),2002,1838.853
CIS (EI),2003,1898.659
CIS (EI),2004,1902.562
CIS (EI),2005,1898.736
CIS (EI),2006,2003.958
CIS (EI),2007,1994.415
CIS (EI),2008,2051.726
CIS (EI),2009,1945.568
CIS (EI),2010,1999.571
CIS (EI),2011,2167.328
CIS (EI),2012,2289.607
CIS (EI),2013,2256.679
CIS (EI),2014,2363.863
CIS (EI),2015,2257.995
CIS (EI),2016,2335.349
CIS (EI),2017,2304.853
CIS (EI),2018,2374.047
CIS (EI),2019,2401.778
CIS (EI),2020,2324.881
CIS (EI),2021,2458.49
CIS (EI),2022,2509.217
CIS (EI),2023,2544.612
Canada,1990,962.808
Canada,1991,912.673
Canada,1992,936.497
Canada,1993,948.579
Canada,1994,968.858
Canada,1995,1016.647
Canada,1996,1041.771
Canada,1997,1073.684
Canada,1998,1094.422
Canada,1999,1115.552
Canada,2000,1109.182
Canada,2001,1140.463
Canada,2002,1183.052
Canada,2003,1227.187
Canada,2004,1280.921
Canada,2005,1245.67
Canada,2006,1256.413
Canada,2007,1290.123
Canada,2008,1245.212
Canada,2009,1214.623
Canada,2010,1266.489
Canada,2011,1268.156
Canada,2012,1285.495
Canada,2013,1277.714
Canada,2014,1274.656
Canada,2015,1277.979
Canada,2016,1273.506
Canada,2017,1260.565
Canada,2018,1300.689
Canada,2019,1296.55
Canada,2020,1101.598
Canada,2021,1147.385
Canada,2022,1196.26
Canada,2023,1208.833
Central America (EI),1990,80.389
Central America (EI),1991,87.678
Central America (EI),1992,99.702
Central America (EI),1993,106.465
Central America (EI),1994,116.511
Central America (EI),1995,129.08
Central America (EI),1996,126.041
Central America (EI),1997,136.651
Central America (EI),1998,156.645
Central America (EI),1999,154.501
Central America (EI),2000,157.791
Central America (EI),2001,168.975
Central America (EI),2002,170.535
Central America (EI),2003,177.953
Central America (EI),2004,183.118
Central America (EI),2005,181.927
Central America (EI),2006,192.479
Central America (EI),2007,202.092
Central America (EI),2008,204.348
Central America (EI),2009,202.198
Central America (EI),2010,204.702
Central America (EI),2011,209.94
Central America (EI),2012,213.697
Central America (EI),2013,215.626
Central America (EI),2014,221.905
Central America (EI),2015,244.126
Central America (EI),2016,253.629
Central America (EI),2017,261.201
Central America (EI),2018,258.437
Central America (EI),2019,280.404
Central America (EI),2020,220.449
Central America (EI),2021,252.705
Central America (EI),2022,266.777
Central America (EI),2023,283.545
Chile,1990,79.356
Chile,1991,88.483
Chile,1992,95.85
Chile,1993,104.487
Chile,1994,112.214
Chile,1995,123.356
Chile,1996,130.983
Chile,1997,140.883
Chile,1998,144.018
Chile,1999,145.661
Chile,2000,139.075
Chile,2001,135.445
Chile,2002,137.692
Chile,2003,136.518
Chile,2004,150.501
Chile,2005,155.212
Chile,2006,160.489
Chile,2007,200.304
Chile,2008,211.086
Chile,2009,198.599
Chile,2010,182.13
Chile,2011,189.076
Chile,2012,196.136
Chile,2013,195.073
Chile,2014,193.475
Chile,2015,190.194
Chile,2016,200.917
Chile,2017,204.001
Chile,2018,211.4
Chile,2019,210.552
Chile,2020,192.556
Chile,2021,211.375
Chile,2022,228.238
Chile,2023,231.239
China,1990,1274.572
China,1991,1379.144
China,1992,1495.912
China,1993,1663.776
China,1994,1690.638
China,1995,1825.631
China,1996,2023.029
China,1997,2221.545
China,1998,2287.591
China,1999,2437.245
China,2000,2626.896
China,2001,2683.249
China,2002,2895.598
China,2003,3234.762
China,2004,3777.772
China,2005,3838.487
China,2006,4116.769
China,2007,4313.567
China,2008,4408.092
China,2009,4580.298
China,2010,5214.49
China,2011,5390.733
China,2012,5654.299
China,2013,5907.47
China,2014,6142.517
China,2015,6609.896
China,2016,6823.578
China,2017,7183.172
China,2018,7528.741
China,2019,7891.51
China,2020,7959.667
China,2021,8174.094
China,2022,8198.392
China,2023,9090.51
Colombia,1990,114.3
Colombia,1991,114.373
Colombia,1992,124.484
Colombia,1993,128.175
Colombia,1994,134.271
Colombia,1995,144.16
Colombia,1996,153.027
Colombia,1997,152.274
Colombia,1998,151.263
Colombia,1999,135.582
Colombia,2000,132.678
Colombia,2001,131.995
Colombia,2002,130.76
Colombia,2003,130.624
Colombia,2004,141.366
Colombia,2005,140.033
Colombia,2006,149.525
Colombia,2007,153.089
Colombia,2008,150.896
Colombia,2009,151.373
Colombia,2010,159.78
Colombia,2011,168.507
Colombia,2012,180.108
Colombia,2013,188.608
Colombia,2014,199.766
Colombia,2015,179.192
Colombia,2016,220.749
Colombia,2017,216.454
Colombia,2018,219.654
Colombia,2019,219.412
Colombia,2020,185.176
Colombia,2021,238.92
Colombia,2022,267.203
Colombia,2023,271.426
Croatia,1990,54.276
Croatia,1991,38.496
Croatia,1992,38.496
Croatia,1993,40.674
Croatia,1994,41.962
Croatia,1995,46.489
Croatia,1996,44.091
Croatia,1997,47.088
Croatia,1998,53.075
Croatia,1999,52.553
Croatia,2000,46.749
Croatia,2001,47.907
Croatia,2002,50.182
Croatia,2003,55.534
Croatia,2004,52.103
Croatia,2005,53.633
Croatia,2006,54.472
Croatia,2007,55.77
Croatia,2008,52.885
Croatia,2009,51.65
Croatia,2010,43.888
Croatia,2011,41.735
Croatia,2012,37.4
Croatia,2013,35.978
Croatia,2014,37.663
Croatia,2015,39.127
Croatia,2016,39.293
Croatia,2017,42.002
Croatia,2018,40.695
Croatia,2019,39.724
Croatia,2020,34.047
Croatia,2021,35.995
Croatia,2022,39.399
Croatia,2023,40.321
Cyprus,1990,18.565
Cyprus,1991,18.989
Cyprus,1992,21.831
Cyprus,1993,22.876
Cyprus,1994,22.616
Cyprus,1995,23.986
Cyprus,1996,24.442
Cyprus,1997,24.968
Cyprus,1998,27.284
Cyprus,1999,28.602
Cyprus,2000,29.842
Cyprus,2001,29.993
Cyprus,2002,29.674
Cyprus,2003,31.577
Cyprus,2004,30.714
Cyprus,2005,34.478
Cyprus,2006,34.057
Cyprus,2007,34.647
Cyprus,2008,35.382
Cyprus,2009,34.592
Cyprus,2010,33.504
Cyprus,2011,32.946
Cyprus,2012,30.69
Cyprus,2013,27.187
Cyprus,2014,27.27
Cyprus,2015,27.931
Cyprus,2016,30.465
Cyprus,2017,31.276
Cyprus,2018,30.945
Cyprus,2019,30.785
Cyprus,2020,26.23
Cyprus,2021,27.052
Cyprus,2022,28.741
Cyprus,2023,28.684
Czechia,1990,100.626
Czechia,1991,84.191
Czechia,1992,80.681
Czechia,1993,81.684
Czechia,1994,84.473
Czechia,1995,95.195
Czechia,1996,99.645
Czechia,1997,95.023
Czechia,1998,98.085
Czechia,1999,97.64
Czechia,2000,94.429
Czechia,2001,99.92
Czechia,2002,96.751
Czechia,2003,103.531
Czechia,2004,114.085
Czechia,2005,119.157
Czechia,2006,117.51
Czechia,2007,116.692
Czechia,2008,117.232
Czechia,2009,113.179
Czechia,2010,106.873
Czechia,2011,108.282
Czechia,2012,106.936
Czechia,2013,102.039
Czechia,2014,107.977
Czechia,2015,104.877
Czechia,2016,98.473
Czechia,2017,115.296
Czechia,2018,116.114
Czechia,2019,117.604
Czechia,2020,102.484
Czechia,2021,112.964
Czechia,2022,115.556
Czechia,2023,116.007
Denmark,1990,107.521
Denmark,1991,109.087
Denmark,1992,108.114
Denmark,1993,113.189
Denmark,1994,120.418
Denmark,1995,125.38
Denmark,1996,136.069
Denmark,1997,131.279
Denmark,1998,127.0
Denmark,1999,126.043
Denmark,2000,122.535
Denmark,2001,117.526
Denmark,2002,113.734
Denmark,2003,109.988
Denmark,2004,108.044
Denmark,2005,109.417
Denmark,2006,110.466
Denmark,2007,111.332
Denmark,2008,109.854
Denmark,2009,98.637
Denmark,2010,101.928
Denmark,2011,97.149
Denmark,2012,89.822
Denmark,2013,87.708
Denmark,2014,87.4
Denmark,2015,88.928
Denmark,2016,89.056
Denmark,2017,88.507
Denmark,2018,89.401
Denmark,2019,89.638
Denmark,2020,76.058
Denmark,2021,77.009
Denmark,2022,86.797
Denmark,2023,87.573
Eastern Africa (EI),1990,125.601
Eastern Africa (EI),1991,123.821
Eastern Africa (EI),1992,125.279
Eastern Africa (EI),1993,131.345
Eastern Africa (EI),1994,136.034
Eastern Africa (EI),1995,139.124
Eastern Africa (EI),1996,140.33
Eastern Africa (EI),1997,147.656
Eastern Africa (EI),1998,149.098
Eastern Africa (EI),1999,158.165
Eastern Africa (EI),2000,152.832
Eastern Africa (EI),2001,164.163
Eastern Africa (EI),2002,162.253
Eastern Africa (EI),2003,169.493
Eastern Africa (EI),2004,180.512
Eastern Africa (EI),2005,193.076
Eastern Africa (EI),2006,205.427
Eastern Africa (EI),2007,213.518
Eastern Africa (EI),2008,219.252
Eastern Africa (EI),2009,232.559
Eastern Africa (EI),2010,241.635
Eastern Africa (EI),2011,251.457
Eastern Africa (EI),2012,268.878
Eastern Africa (EI),2013,284.63
Eastern Africa (EI),2014,297.052
Eastern Africa (EI),2015,323.042
Eastern Africa (EI),2016,332.414
Eastern Africa (EI),2017,355.19
Eastern Africa (EI),2018,372.337
Eastern Africa (EI),2019,371.6
Eastern Africa (EI),2020,342.57
Eastern Africa (EI),2021,366.603
Eastern Africa (EI),2022,339.823
Eastern Africa (EI),2023,339.942
Ecuador,1990,63.617
Ecuador,1991,71.213
Ecuador,1992,71.046
Ecuador,1993,71.34
Ecuador,1994,77.556
Ecuador,1995,76.321
Ecuador,1996,85.72
Ecuador,1997,97.765
Ecuador,1998,98.41
Ecuador,1999,85.997
Ecuador,2000,78.338
Ecuador,2001,81.364
Ecuador,2002,80.801
Ecuador,2003,82.591
Ecuador,2004,87.288
Ecuador,2005,95.141
Ecuador,2006,100.837
Ecuador,2007,102.503
Ecuador,2008,105.6
Ecuador,2009,107.393
Ecuador,2010,124.127
Ecuador,2011,127.295
Ecuador,2012,131.774
Ecuador,2013,139.626
Ecuador,2014,147.068
Ecuador,2015,142.66
Ecuador,2016,134.041
Ecuador,2017,130.874
Ecuador,2018,141.7
Ecuador,2019,137.313
Ecuador,2020,110.832
Ecuador,2021,137.084
Ecuador,2022,150.591
Ecuador,2023,160.782
Egypt,1990,275.39
Egypt,1991,270.63
Egypt,1992,259.822
Egypt,1993,243.191
Egypt,1994,253.938
Egypt,1995,275.377
Egypt,1996,291.096
Egypt,1997,307.326
Egypt,1998,323.412
Egypt,1999,330.861
Egypt,2000,323.759
Egypt,2001,305.734
Egypt,2002,304.168
Egypt,2003,311.878
Egypt,2004,328.398
Egypt,2005,347.704
Egypt,2006,337.331
Egypt,2007,364.287
Egypt,2008,385.617
Egypt,2009,403.661
Egypt,2010,415.594
Egypt,2011,418.222
Egypt,2012,428.225
Egypt,2013,433.327
Egypt,2014,455.288
Egypt,2015,464.537
Egypt,2016,480.178
Egypt,2017,456.216
Egypt,2018,406.445
Egypt,2019,383.614
Egypt,2020,332.68
Egypt,2021,359.567
Egypt,2022,425.229
Egypt,2023,414.959
Estonia,1990,41.343
Estonia,1991,36.421
Estonia,1992,19.574
Estonia,1993,20.748
Estonia,1994,18.915
Estonia,1995,14.864
Estonia,1996,16.087
Estonia,1997,15.797
Estonia,1998,15.86
Estonia,1999,14.815
Estonia,2000,13.329
Estonia,2001,15.417
Estonia,2002,17.263
Estonia,2003,16.203
Estonia,2004,16.444
Estonia,2005,16.752
Estonia,2006,17.505
Estonia,2007,18.684
Estonia,2008,17.79
Estonia,2009,15.987
Estonia,2010,16.48
Estonia,2011,16.067
Estonia,2012,19.049
Estonia,2013,18.806
Estonia,2014,17.414
Estonia,2015,17.381
Estonia,2016,16.955
Estonia,2017,17.695
Estonia,2018,17.475
Estonia,2019,15.589
Estonia,2020,16.054
Estonia,2021,15.788
Estonia,2022,16.369
Estonia,2023,15.673
Europe (EI),1990,9522.929
Europe (EI),1991,9492.417
Europe (EI),1992,9259.788
Europe (EI),1993,9049.155
Europe (EI),1994,9018.385
Europe (EI),1995,9206.02
Europe (EI),1996,9314.367
Europe (EI),1997,9362.556
Europe (EI),1998,9526.826
Europe (EI),1999,9403.839
Europe (EI),2000,9303.191
Europe (EI),2001,9401.863
Europe (EI),2002,9378.014
Europe (EI),2003,9404.481
Europe (EI),2004,9498.085
Europe (EI),2005,9559.021
Europe (EI),2006,9555.79
Europe (EI),2007,9384.901
Europe (EI),2008,9267.436
Europe (EI),2009,8786.368
Europe (EI),2010,8734.954
Europe (EI),2011,8484.4
Europe (EI),2012,8202.115
Europe (EI),2013,8068.035
Europe (EI),2014,7926.681
Europe (EI),2015,8139.192
Europe (EI),2016,8300.354
Europe (EI),2017,8520.567
Europe (EI),2018,8464.263
Europe (EI),2019,8425.06
Europe (EI),2020,7324.818
Europe (EI),2021,7688.123
Europe (EI),2022,7944.053
Europe (EI),2023,7870.293
European Union (27),1990,7005.585
European Union (27),1991,7069.085
European Union (27),1992,7108.05
European Union (27),1993,7004.422
European Union (27),1994,7046.669
European Union (27),1995,7210.096
European Union (27),1996,7360.209
European Union (27),1997,7397.25
European Union (27),1998,7596.017
European Union (27),1999,7547.923
European Union (27),2000,7462.804
European Union (27),2001,7545.951
European Union (27),2002,7499.842
European Union (27),2003,7507.999
European Union (27),2004,7556.802
European Union (27),2005,7576.886
European Union (27),2006,7558.403
European Union (27),2007,7397.081
European Union (27),2008,7317.614
European Union (27),2009,6886.481
European Union (27),2010,6870.13
European Union (27),2011,6661.146
European Union (27),2012,6391.067
European Union (27),2013,6245.378
European Union (27),2014,6128.849
European Union (27),2015,6247.704
European Union (27),2016,6347.629
European Union (27),2017,6501.002
European Union (27),2018,6452.167
European Union (27),2019,6432.879
European Union (27),2020,5610.348
European Union (27),2021,5898.375
European Union (27),2022,6078.125
European Union (27),2023,5957.178
Finland,1990,133.655
Finland,1991,132.631
Finland,1992,131.241
Finland,1993,124.885
Finland,1994,129.366
Finland,1995,117.581
Finland,1996,122.375
Finland,1997,120.584
Finland,1998,125.791
Finland,1999,127.179
Finland,2000,126.426
Finland,2001,124.036
Finland,2002,126.924
Finland,2003,131.0
Finland,2004,122.123
Finland,2005,126.678
Finland,2006,122.85
Finland,2007,123.9
Finland,2008,119.764
Finland,2009,112.831
Finland,2010,117.168
Finland,2011,114.588
Finland,2012,110.057
Finland,2013,114.502
Finland,2014,108.047
Finland,2015,108.59
Finland,2016,114.299
Finland,2017,110.743
Finland,2018,110.148
Finland,2019,109.326
Finland,2020,98.078
Finland,2021,91.721
Finland,2022,98.393
Finland,2023,90.905
France,1990,1060.053
France,1991,1141.038
France,1992,1139.611
France,1993,1101.697
France,1994,1070.284
France,1995,1084.53
France,1996,1110.012
France,1997,1112.265
France,1998,1155.766
France,1999,1159.908
France,2000,1143.182
France,2001,1142.346
France,2002,1112.813
France,2003,1116.964
France,2004,1126.701
France,2005,1104.419
France,2006,1101.849
France,2007,1075.509
France,2008,1053.347
France,2009,1010.699
France,2010,979.68
France,2011,963.961
France,2012,931.179
France,2013,919.245
France,2014,889.426
France,2015,902.656
France,2016,887.998
France,2017,901.527
France,2018,879.651
France,2019,872.398
France,2020,728.389
France,2021,782.114
France,2022,777.668
France,2023,767.882
Germany,1990,1537.293
Germany,1991,1607.615
Germany,1992,1621.655
Germany,1993,1646.873
Germany,1994,1631.973
Germany,1995,1631.13
Germany,1996,1658.878
Germany,1997,1648.927
Germany,1998,1650.717
Germany,1999,1601.107
Germany,2000,1570.435
Germany,2001,1590.963
Germany,2002,1537.78
Germany,2003,1507.717
Germany,2004,1490.49
Germany,2005,1460.058
Germany,2006,1457.237
Germany,2007,1319.459
Germany,2008,1399.069
Germany,2009,1339.838
Germany,2010,1357.644
Germany,2011,1313.271
Germany,2012,1305.389
Germany,2013,1334.262
Germany,2014,1298.318
Germany,2015,1296.542
Germany,2016,1321.879
Germany,2017,1347.506
Germany,2018,1279.239
Germany,2019,1292.164
Germany,2020,1168.205
Germany,2021,1155.841
Germany,2022,1179.893
Germany,2023,1114.516
Greece,1990,186.743
Greece,1991,190.554
Greece,1992,194.523
Greece,1993,198.512
Greece,1994,203.043
Greece,1995,211.813
Greece,1996,219.881
Greece,1997,222.059
Greece,1998,232.479
Greece,1999,227.012
Greece,2000,236.249
Greece,2001,239.571
Greece,2002,240.725
Greece,2003,252.75
Greece,2004,247.728
Greece,2005,249.091
Greece,2006,260.49
Greece,2007,263.441
Greece,2008,252.572
Greece,2009,236.809
Greece,2010,214.719
Greece,2011,204.578
Greece,2012,178.331
Greece,2013,164.762
Greece,2014,163.353
Greece,2015,170.199
Greece,2016,169.939
Greece,2017,174.013
Greece,2018,171.988
Greece,2019,177.219
Greece,2020,143.486
Greece,2021,152.027
Greece,2022,172.19
Greece,2023,172.08
High-income countries,1990,24125.992
High-income countries,1991,24280.84
High-income countries,1992,24857.703
High-income countries,1993,24952.334
High-income countries,1994,25777.205
High-income countries,1995,26139.809
High-income countries,1996,26851.348
High-income countries,1997,27212.402
High-income countries,1998,27381.932
High-income countries,1999,27866.914
High-income countries,2000,27936.664
High-income countries,2001,28060.178
High-income countries,2002,28081.729
High-income countries,2003,28517.092
High-income countries,2004,29192.512
High-income countries,2005,29389.738
High-income countries,2006,29283.16
High-income countries,2007,29206.004
High-income countries,2008,28344.863
High-income countries,2009,27143.48
High-income countries,2010,27689.412
High-income countries,2011,27401.453
High-income countries,2012,27230.711
High-income countries,2013,27216.982
High-income countries,2014,27193.51
High-income countries,2015,27744.977
High-income countries,2016,28157.789
High-income countries,2017,28402.273
High-income countries,2018,28469.316
High-income countries,2019,28123.512
High-income countries,2020,24863.562
High-income countries,2021,26371.383
High-income countries,2022,24990.516
High-income countries,2023,24976.264
Hong Kong,1990,75.486
Hong Kong,1991,75.47
Hong Kong,1992,96.869
Hong Kong,1993,100.894
Hong Kong,1994,107.652
Hong Kong,1995,115.225
Hong Kong,1996,112.907
Hong Kong,1997,111.75
Hong Kong,1998,107.22
Hong Kong,1999,114.084
Hong Kong,2000,118.889
Hong Kong,2001,141.335
Hong Kong,2002,154.466
Hong Kong,2003,155.443
Hong Kong,2004,183.06
Hong Kong,2005,165.109
Hong Kong,2006,178.459
Hong Kong,2007,191.27
Hong Kong,2008,173.348
Hong Kong,2009,196.685
Hong Kong,2010,212.637
Hong Kong,2011,214.105
Hong Kong,2012,205.138
Hong Kong,2013,209.294
Hong Kong,2014,198.13
Hong Kong,2015,217.421
Hong Kong,2016,225.198
Hong Kong,2017,254.455
Hong Kong,2018,257.581
Hong Kong,2019,240.734
Hong Kong,2020,169.066
Hong Kong,2021,151.345
Hong Kong,2022,128.301
Hong Kong,2023,159.32
Hungary,1990,108.445
Hungary,1991,92.83
Hungary,1992,98.92
Hungary,1993,87.672
Hungary,1994,93.518
Hungary,1995,89.09
Hungary,1996,82.263
Hungary,1997,84.159
Hungary,1998,89.277
Hungary,1999,85.231
Hungary,2000,82.531
Hungary,2001,79.735
Hungary,2002,74.154
Hungary,2003,72.272
Hungary,2004,76.82
Hungary,2005,87.89
Hungary,2006,91.522
Hungary,2007,91.202
Hungary,2008,86.559
Hungary,2009,84.226
Hungary,2010,79.047
Hungary,2011,77.141
Hungary,2012,72.018
Hungary,2013,70.436
Hungary,2014,78.382
Hungary,2015,83.994
Hungary,2016,83.439
Hungary,2017,90.399
Hungary,2018,96.89
Hungary,2019,97.931
Hungary,2020,89.379
Hungary,2021,97.098
Hungary,2022,96.338
Hungary,2023,93.542
Iceland,1990,7.847
Iceland,1991,7.368
Iceland,1992,7.94
Iceland,1993,8.238
Iceland,1994,8.346
Iceland,1995,8.397
Iceland,1996,9.382
Iceland,1997,9.207
Iceland,1998,9.433
Iceland,1999,9.417
Iceland,2000,9.599
Iceland,2001,9.008
Iceland,2002,9.37
Iceland,2003,9.471
Iceland,2004,9.907
Iceland,2005,10.09
Iceland,2006,10.259
Iceland,2007,10.292
Iceland,2008,9.529
Iceland,2009,8.833
Iceland,2010,8.459
Iceland,2011,8.345
Iceland,2012,8.255
Iceland,2013,8.628
Iceland,2014,9.023
Iceland,2015,9.844
Iceland,2016,10.843
Iceland,2017,12.105
Iceland,2018,13.107
Iceland,2019,11.098
Iceland,2020,7.31
Iceland,2021,8.265
Iceland,2022,10.365
Iceland,2023,9.736
India,1990,694.058
India,1991,706.101
India,1992,744.187
India,1993,752.043
India,1994,808.267
India,1995,901.352
India,1996,972.761
India,1997,1039.856
India,1998,1113.507
India,1999,1219.453
India,2000,1277.51
India,2001,1281.096
India,2002,1324.242
India,2003,1347.694
India,2004,1426.856
India,2005,1450.128
India,2006,1532.039
India,2007,1637.482
India,2008,1719.259
India,2009,1806.79
India,2010,1848.416
India,2011,1935.765
India,2012,2051.67
India,2013,2065.656
India,2014,2125.494
India,2015,2296.038
India,2016,2514.262
India,2017,2588.196
India,2018,2704.512
India,2019,2791.946
India,2020,2537.853
India,2021,2588.831
India,2022,2804.53
India,2023,2936.974
Indonesia,1990,366.263
Indonesia,1991,390.092
Indonesia,1992,420.51
Indonesia,1993,448.465
Indonesia,1994,443.341
Indonesia,1995,490.82
Indonesia,1996,527.91
Indonesia,1997,584.765
Indonesia,1998,557.096
Indonesia,1999,583.229
Indonesia,2000,636.953
Indonesia,2001,659.327
Indonesia,2002,662.412
Indonesia,2003,680.47
Indonesia,2004,720.131
Indonesia,2005,719.417
Indonesia,2006,692.644
Indonesia,2007,730.724
Indonesia,2008,745.417
Indonesia,2009,748.949
Indonesia,2010,792.665
Indonesia,2011,849.753
Indonesia,2012,893.519
Indonesia,2013,863.646
Indonesia,2014,860.028
Indonesia,2015,820.596
Indonesia,2016,791.461
Indonesia,2017,848.762
Indonesia,2018,875.545
Indonesia,2019,853.313
Indonesia,2020,751.479
Indonesia,2021,782.501
Indonesia,2022,858.094
Indonesia,2023,860.064
Iran,1990,553.211
Iran,1991,586.546
Iran,1992,630.639
Iran,1993,691.704
Iran,1994,714.483
Iran,1995,702.648
Iran,1996,737.468
Iran,1997,758.171
Iran,1998,736.062
Iran,1999,752.266
Iran,2000,775.711
Iran,2001,799.744
Iran,2002,806.609
Iran,2003,810.283
Iran,2004,848.906
Iran,2005,910.154
Iran,2006,991.934
Iran,2007,999.074
Iran,2008,1029.706
Iran,2009,1002.677
Iran,2010,944.471
Iran,2011,951.432
Iran,2012,976.54
Iran,2013,1053.179
Iran,2014,973.796
Iran,2015,837.791
Iran,2016,852.63
Iran,2017,868.529
Iran,2018,907.478
Iran,2019,952.377
Iran,2020,917.405
Iran,2021,956.291
Iran,2022,993.278
Iran,2023,972.781
Iraq,1990,186.163
Iraq,1991,127.158
Iraq,1992,201.088
Iraq,1993,273.904
Iraq,1994,309.49
Iraq,1995,305.563
Iraq,1996,307.163
Iraq,1997,374.818
Iraq,1998,271.423
Iraq,1999,188.547
Iraq,2000,283.285
Iraq,2001,323.352
Iraq,2002,306.866
Iraq,2003,275.46
Iraq,2004,299.975
Iraq,2005,280.534
Iraq,2006,271.706
Iraq,2007,243.838
Iraq,2008,273.098
Iraq,2009,263.082
Iraq,2010,298.527
Iraq,2011,318.911
Iraq,2012,351.107
Iraq,2013,386.712
Iraq,2014,372.061
Iraq,2015,367.073
Iraq,2016,377.217
Iraq,2017,447.193
Iraq,2018,438.682
Iraq,2019,430.655
Iraq,2020,375.09
Iraq,2021,418.795
Iraq,2022,472.014
Iraq,2023,500.808
Ireland,1990,53.734
Ireland,1991,59.269
Ireland,1992,61.681
Ireland,1993,62.441
Ireland,1994,68.393
Ireland,1995,69.825
Ireland,1996,73.248
Ireland,1997,78.034
Ireland,1998,87.461
Ireland,1999,98.698
Ireland,2000,99.361
Ireland,2001,106.501
Ireland,2002,103.802
Ireland,2003,101.324
Ireland,2004,106.124
Ireland,2005,111.535
Ireland,2006,113.515
Ireland,2007,112.171
Ireland,2008,106.853
Ireland,2009,91.394
Ireland,2010,88.998
Ireland,2011,83.329
Ireland,2012,78.681
Ireland,2013,79.803
Ireland,2014,78.995
Ireland,2015,81.824
Ireland,2016,86.162
Ireland,2017,85.463
Ireland,2018,88.726
Ireland,2019,88.716
Ireland,2020,75.047
Ireland,2021,81.746
Ireland,2022,85.658
Ireland,2023,84.667
Israel,1990,101.249
Israel,1991,101.152
Israel,1992,116.151
Israel,1993,124.561
Israel,1994,129.304
Israel,1995,146.877
Israel,1996,143.863
Israel,1997,157.658
Israel,1998,164.654
Israel,1999,174.332
Israel,2000,154.444
Israel,2001,143.09
Israel,2002,142.726
Israel,2003,146.526
Israel,2004,139.086
Israel,2005,136.454
Israel,2006,132.768
Israel,2007,135.563
Israel,2008,134.592
Israel,2009,124.927
Israel,2010,123.848
Israel,2011,129.74
Israel,2012,154.567
Israel,2013,117.322
Israel,2014,109.441
Israel,2015,116.403
Israel,2016,119.49
Israel,2017,124.574
Israel,2018,125.858
Israel,2019,127.13
Israel,2020,109.861
Israel,2021,114.398
Israel,2022,125.31
Israel,2023,123.503
Italy,1990,1127.532
Italy,1991,1134.522
Italy,1992,1150.392
Italy,1993,1119.796
Italy,1994,1116.12
Italy,1995,1153.954
Italy,1996,1134.068
Italy,1997,1145.138
Italy,1998,1141.959
Italy,1999,1132.526
Italy,2000,1124.703
Italy,2001,1102.603
Italy,2002,1106.428
Italy,2003,1095.877
Italy,2004,1072.42
Italy,2005,1039.467
Italy,2006,1038.177
Italy,2007,1005.712
Italy,2008,946.612
Italy,2009,875.992
Italy,2010,853.391
Italy,2011,828.881
Italy,2012,772.214
Italy,2013,706.48
Italy,2014,671.279
Italy,2015,710.444
Italy,2016,704.79
Italy,2017,713.695
Italy,2018,730.328
Italy,2019,709.052
Italy,2020,585.492
Italy,2021,651.104
Italy,2022,695.903
Italy,2023,686.874
Japan,1990,2928.799
Japan,1991,3023.089
Japan,1992,3098.17
Japan,1993,3044.265
Japan,1994,3212.045
Japan,1995,3234.184
Japan,1996,3259.989
Japan,1997,3224.353
Japan,1998,3134.143
Japan,1999,3181.517
Japan,2000,3179.205
Japan,2001,3076.01
Japan,2002,3026.113
Japan,2003,3117.378
Japan,2004,3048.324
Japan,2005,3085.117
Japan,2006,2975.542
Japan,2007,2891.68
Japan,2008,2780.451
Japan,2009,2495.382
Japan,2010,2514.951
Japan,2011,2512.022
Japan,2012,2666.304
Japan,2013,2552.166
Japan,2014,2422.202
Japan,2015,2335.943
Japan,2016,2268.99
Japan,2017,2244.126
Japan,2018,2166.799
Japan,2019,2112.394
Japan,2020,1877.527
Japan,2021,1911.596
Japan,2022,1926.723
Japan,2023,1848.599
Kazakhstan,1990,256.327
Kazakhstan,1991,258.597
Kazakhstan,1992,241.588
Kazakhstan,1993,186.607
Kazakhstan,1994,146.303
Kazakhstan,1995,143.007
Kazakhstan,1996,120.907
Kazakhstan,1997,121.648
Kazakhstan,1998,101.108
Kazakhstan,1999,83.379
Kazakhstan,2000,92.215
Kazakhstan,2001,92.171
Kazakhstan,2002,94.167
Kazakhstan,2003,102.732
Kazakhstan,2004,105.8
Kazakhstan,2005,108.87
Kazakhstan,2006,125.201
Kazakhstan,2007,136.472
Kazakhstan,2008,135.962
Kazakhstan,2009,109.068
Kazakhstan,2010,113.106
Kazakhstan,2011,150.891
Kazakhstan,2012,161.304
Kazakhstan,2013,162.814
Kazakhstan,2014,167.672
Kazakhstan,2015,154.435
Kazakhstan,2016,157.863
Kazakhstan,2017,159.559
Kazakhstan,2018,170.214
Kazakhstan,2019,171.497
Kazakhstan,2020,148.747
Kazakhstan,2021,183.113
Kazakhstan,2022,180.09
Kazakhstan,2023,191.378
Kuwait,1990,51.688
Kuwait,1991,41.371
Kuwait,1992,56.785
Kuwait,1993,48.683
Kuwait,1994,60.219
Kuwait,1995,62.409
Kuwait,1996,60.651
Kuwait,1997,66.986
Kuwait,1998,100.819
Kuwait,1999,115.729
Kuwait,2000,120.743
Kuwait,2001,124.055
Kuwait,2002,144.081
Kuwait,2003,176.09
Kuwait,2004,199.314
Kuwait,2005,217.243
Kuwait,2006,203.208
Kuwait,2007,204.986
Kuwait,2008,217.101
Kuwait,2009,224.443
Kuwait,2010,253.164
Kuwait,2011,235.434
Kuwait,2012,221.787
Kuwait,2013,243.437
Kuwait,2014,232.4
Kuwait,2015,239.242
Kuwait,2016,228.75
Kuwait,2017,233.1
Kuwait,2018,245.545
Kuwait,2019,234.157
Kuwait,2020,218.023
Kuwait,2021,224.932
Kuwait,2022,213.799
Kuwait,2023,211.603
Latvia,1990,39.246
Latvia,1991,38.053
Latvia,1992,29.106
Latvia,1993,26.014
Latvia,1994,24.652
Latvia,1995,22.186
Latvia,1996,23.343
Latvia,1997,20.726
Latvia,1998,19.795
Latvia,1999,18.437
Latvia,2000,15.139
Latvia,2001,17.655
Latvia,2002,17.529
Latvia,2003,17.693
Latvia,2004,18.99
Latvia,2005,20.105
Latvia,2006,18.926
Latvia,2007,20.558
Latvia,2008,20.179
Latvia,2009,18.383
Latvia,2010,20.739
Latvia,2011,19.041
Latvia,2012,19.014
Latvia,2013,19.217
Latvia,2014,19.322
Latvia,2015,20.291
Latvia,2016,20.933
Latvia,2017,21.379
Latvia,2018,19.073
Latvia,2019,21.895
Latvia,2020,19.206
Latvia,2021,20.027
Latvia,2022,19.661
Latvia,2023,19.631
Lithuania,1990,82.824
Lithuania,1991,90.637
Lithuania,1992,51.866
Lithuania,1993,45.759
Lithuania,1994,42.191
Lithuania,1995,38.271
Lithuania,1996,39.927
Lithuania,1997,40.036
Lithuania,1998,45.9
Lithuania,1999,36.305
Lithuania,2000,28.525
Lithuania,2001,31.414
Lithuania,2002,30.509
Lithuania,2003,28.764
Lithuania,2004,31.089
Lithuania,2005,33.621
Lithuania,2006,33.146
Lithuania,2007,33.596
Lithuania,2008,36.063
Lithuania,2009,31.065
Lithuania,2010,31.699
Lithuania,2011,30.631
Lithuania,2012,30.995
Lithuania,2013,30.121
Lithuania,2014,29.522
Lithuania,2015,32.417
Lithuania,2016,35.662
Lithuania,2017,36.703
Lithuania,2018,39.088
Lithuania,2019,39.039
Lithuania,2020,36.594
Lithuania,2021,36.981
Lithuania,2022,37.157
Lithuania,2023,37.773
Lower-middle-income countries,1990,2945.888
Lower-middle-income countries,1991,2947.929
Lower-middle-income countries,1992,2780.049
Lower-middle-income countries,1993,2731.073
Lower-middle-income countries,1994,2789.773
Lower-middle-income countries,1995,2957.423
Lower-middle-income countries,1996,2985.795
Lower-middle-income countries,1997,3171.264
Lower-middle-income countries,1998,3234.951
Lower-middle-income countries,1999,3320.817
Lower-middle-income countries,2000,3391.22
Lower-middle-income countries,2001,3427.857
Lower-middle-income countries,2002,3487.051
Lower-middle-income countries,2003,3506.394
Lower-middle-income countries,2004,3690.024
Lower-middle-income countries,2005,3790.931
Lower-middle-income countries,2006,3968.543
Lower-middle-income countries,2007,4175.199
Lower-middle-income countries,2008,4323.237
Lower-middle-income countries,2009,4430.266
Lower-middle-income countries,2010,4467.92
Lower-middle-income countries,2011,4591.321
Lower-middle-income countries,2012,4764.083
Lower-middle-income countries,2013,4888.597
Lower-middle-income countries,2014,4921.783
Lower-middle-income countries,2015,5072.141
Lower-middle-income countries,2016,5427.286
Lower-middle-income countries,2017,5553.416
Lower-middle-income countries,2018,5649.657
Lower-middle-income countries,2019,5752.738
Lower-middle-income countries,2020,5229.492
Lower-middle-income countries,2021,5454.239
Lower-middle-income countries,2022,5823.917
Lower-middle-income countries,2023,5904.949
Luxembourg,1990,19.125
Luxembourg,1991,22.283
Luxembourg,1992,22.933
Luxembourg,1993,22.868
Luxembourg,1994,22.842
Luxembourg,1995,21.411
Luxembourg,1996,22.177
Luxembourg,1997,23.159
Luxembourg,1998,24.091
Luxembourg,1999,25.739
Luxembourg,2000,27.611
Luxembourg,2001,29.311
Luxembourg,2002,29.869
Luxembourg,2003,32.067
Luxembourg,2004,36.371
Luxembourg,2005,37.357
Luxembourg,2006,35.522
Luxembourg,2007,34.575
Luxembourg,2008,34.849
Luxembourg,2009,32.625
Luxembourg,2010,34.167
Luxembourg,2011,34.89
Luxembourg,2012,33.673
Luxembourg,2013,33.112
Luxembourg,2014,31.917
Luxembourg,2015,31.355
Luxembourg,2016,31.313
Luxembourg,2017,32.776
Luxembourg,2018,34.679
Luxembourg,2019,35.057
Luxembourg,2020,28.462
Luxembourg,2021,30.57
Luxembourg,2022,27.839
Luxembourg,2023,27.01
Malaysia,1990,134.572
Malaysia,1991,152.953
Malaysia,1992,181.018
Malaysia,1993,186.719
Malaysia,1994,196.541
Malaysia,1995,224.806
Malaysia,1996,246.506
Malaysia,1997,281.968
Malaysia,1998,257.747
Malaysia,1999,251.904
Malaysia,2000,272.321
Malaysia,2001,294.536
Malaysia,2002,318.863
Malaysia,2003,333.622
Malaysia,2004,349.72
Malaysia,2005,362.191
Malaysia,2006,350.319
Malaysia,2007,373.591
Malaysia,2008,358.462
Malaysia,2009,355.621
Malaysia,2010,359.263
Malaysia,2011,366.934
Malaysia,2012,402.152
Malaysia,2013,427.704
Malaysia,2014,429.458
Malaysia,2015,398.729
Malaysia,2016,443.145
Malaysia,2017,417.461
Malaysia,2018,423.154
Malaysia,2019,459.846
Malaysia,2020,381.966
Malaysia,2021,368.176
Malaysia,2022,444.445
Malaysia,2023,496.324
Mexico,1990,916.386
Mexico,1991,941.725
Mexico,1992,954.651
Mexico,1993,947.339
Mexico,1994,1021.431
Mexico,1995,950.11
Mexico,1996,964.544
Mexico,1997,1006.945
Mexico,1998,1054.369
Mexico,1999,1047.077
Mexico,2000,1117.636
Mexico,2001,1107.011
Mexico,2002,1051.178
Mexico,2003,1085.188
Mexico,2004,1137.849
Mexico,2005,1226.246
Mexico,2006,1184.833
Mexico,2007,1236.413
Mexico,2008,1275.893
Mexico,2009,1219.584
Mexico,2010,1171.315
Mexico,2011,1188.146
Mexico,2012,1213.666
Mexico,2013,1175.11
Mexico,2014,1121.492
Mexico,2015,1087.805
Mexico,2016,1117.681
Mexico,2017,1090.648
Mexico,2018,1021.472
Mexico,2019,974.052
Mexico,2020,838.945
Mexico,2021,956.65
Mexico,2022,1048.408
Mexico,2023,1065.958
Middle Africa (EI),1990,48.543
Middle Africa (EI),1991,46.208
Middle Africa (EI),1992,46.063
Middle Africa (EI),1993,47.799
Middle Africa (EI),1994,47.066
Middle Africa (EI),1995,45.67
Middle Africa (EI),1996,45.851
Middle Africa (EI),1997,47.462
Middle Africa (EI),1998,44.828
Middle Africa (EI),1999,47.448
Middle Africa (EI),2000,53.015
Middle Africa (EI),2001,55.16
Middle Africa (EI),2002,58.657
Middle Africa (EI),2003,64.489
Middle Africa (EI),2004,68.235
Middle Africa (EI),2005,64.026
Middle Africa (EI),2006,73.486
Middle Africa (EI),2007,83.64
Middle Africa (EI),2008,94.361
Middle Africa (EI),2009,106.81
Middle Africa (EI),2010,112.916
Middle Africa (EI),2011,120.148
Middle Africa (EI),2012,136.084
Middle Africa (EI),2013,155.003
Middle Africa (EI),2014,163.891
Middle Africa (EI),2015,160.142
Middle Africa (EI),2016,147.118
Middle Africa (EI),2017,137.841
Middle Africa (EI),2018,139.723
Middle Africa (EI),2019,149.343
Middle Africa (EI),2020,119.787
Middle Africa (EI),2021,140.642
Middle Africa (EI),2022,161.166
Middle Africa (EI),2023,168.41
Middle East (EI),1990,1952.226
Middle East (EI),1991,2019.692
Middle East (EI),1992,2151.948
Middle East (EI),1993,2304.352
Middle East (EI),1994,2531.839
Middle East (EI),1995,2518.334
Middle East (EI),1996,2573.86
Middle East (EI),1997,2705.427
Middle East (EI),1998,2692.536
Middle East (EI),1999,2684.692
Middle East (EI),2000,2814.354
Middle East (EI),2001,2934.919
Middle East (EI),2002,3001.316
Middle East (EI),2003,3102.298
Middle East (EI),2004,3311.033
Middle East (EI),2005,3498.21
Middle East (EI),2006,3661.609
Middle East (EI),2007,3718.895
Middle East (EI),2008,3986.055
Middle East (EI),2009,4018.736
Middle East (EI),2010,4189.94
Middle East (EI),2011,4322.764
Middle East (EI),2012,4477.114
Middle East (EI),2013,4640.55
Middle East (EI),2014,4727.274
Middle East (EI),2015,4702.626
Middle East (EI),2016,4817.408
Middle East (EI),2017,4874.325
Middle East (EI),2018,4826.348
Middle East (EI),2019,4713.034
Middle East (EI),2020,4367.314
Middle East (EI),2021,4613.969
Middle East (EI),2022,4958.795
Middle East (EI),2023,5079.116
Morocco,1990,65.898
Morocco,1991,65.97
Morocco,1992,77.843
Morocco,1993,79.188
Morocco,1994,86.091
Morocco,1995,81.525
Morocco,1996,76.857
Morocco,1997,81.739
Morocco,1998,81.007
Morocco,1999,89.257
Morocco,2000,83.483
Morocco,2001,83.637
Morocco,2002,87.036
Morocco,2003,87.084
Morocco,2004,100.616
Morocco,2005,109.334
Morocco,2006,110.873
Morocco,2007,115.995
Morocco,2008,127.884
Morocco,2009,129.223
Morocco,2010,143.708
Morocco,2011,153.339
Morocco,2012,154.291
Morocco,2013,156.063
Morocco,2014,148.685
Morocco,2015,145.515
Morocco,2016,149.065
Morocco,2017,157.804
Morocco,2018,154.051
Morocco,2019,156.342
Morocco,2020,136.509
Morocco,2021,154.92
Morocco,2022,159.817
Morocco,2023,158.484
Netherlands,1990,428.52
Netherlands,1991,411.35
Netherlands,1992,431.892
Netherlands,1993,426.747
Netherlands,1994,424.055
Netherlands,1995,447.475
Netherlands,1996,447.377
Netherlands,1997,464.748
Netherlands,1998,470.267
Netherlands,1999,479.294
Netherlands,2000,486.182
Netherlands,2001,509.719
Netherlands,2002,512.051
Netherlands,2003,512.808
Netherlands,2004,536.421
Netherlands,2005,569.423
Netherlands,2006,567.073
Netherlands,2007,583.52
Netherlands,2008,554.876
Netherlands,2009,530.078
Netherlands,2010,568.002
Netherlands,2011,567.43
Netherlands,2012,555.907
Netherlands,2013,529.226
Netherlands,2014,518.625
Netherlands,2015,505.895
Netherlands,2016,517.878
Netherlands,2017,520.871
Netherlands,2018,506.963
Netherlands,2019,494.707
Netherlands,2020,470.906
Netherlands,2021,470.29
Netherlands,2022,461.531
Netherlands,2023,473.085
New Zealand,1990,50.824
New Zealand,1991,51.703
New Zealand,1992,53.341
New Zealand,1993,53.034
New Zealand,1994,61.315
New Zealand,1995,66.303
New Zealand,1996,67.547
New Zealand,1997,70.944
New Zealand,1998,71.861
New Zealand,1999,72.872
New Zealand,2000,74.423
New Zealand,2001,75.244
New Zealand,2002,77.483
New Zealand,2003,82.197
New Zealand,2004,81.031
New Zealand,2005,85.439
New Zealand,2006,85.79
New Zealand,2007,86.185
New Zealand,2008,87.209
New Zealand,2009,83.422
New Zealand,2010,84.062
New Zealand,2011,86.1
New Zealand,2012,85.012
New Zealand,2013,86.032
New Zealand,2014,87.716
New Zealand,2015,91.305
New Zealand,2016,94.554
New Zealand,2017,99.163
New Zealand,2018,99.45
New Zealand,2019,101.949
New Zealand,2020,84.239
New Zealand,2021,83.9
New Zealand,2022,82.971
New Zealand,2023,88.615
Non-OECD (EI),1990,14024.551
Non-OECD (EI),1991,13967.439
Non-OECD (EI),1992,13871.269
Non-OECD (EI),1993,13615.526
Non-OECD (EI),1994,13764.943
Non-OECD (EI),1995,14071.962
Non-OECD (EI),1996,14227.162
Non-OECD (EI),1997,14982.549
Non-OECD (EI),1998,15016.307
Non-OECD (EI),1999,15297.73
Non-OECD (EI),2000,15928.967
Non-OECD (EI),2001,16364.126
Non-OECD (EI),2002,16722.76
Non-OECD (EI),2003,17289.732
Non-OECD (EI),2004,18557.322
Non-OECD (EI),2005,18988.736
Non-OECD (EI),2006,19755.736
Non-OECD (EI),2007,20468.557
Non-OECD (EI),2008,21071.125
Non-OECD (EI),2009,21388.678
Non-OECD (EI),2010,22695.436
Non-OECD (EI),2011,23404.398
Non-OECD (EI),2012,24359.85
Non-OECD (EI),2013,24978.916
Non-OECD (EI),2014,25594.16
Non-OECD (EI),2015,26221.736
Non-OECD (EI),2016,26952.01
Non-OECD (EI),2017,27613.967
Non-OECD (EI),2018,28064.115
Non-OECD (EI),2019,28352.982
Non-OECD (EI),2020,26599.23
Non-OECD (EI),2021,27824.666
Non-OECD (EI),2022,28941.768
Non-OECD (EI),2023,30356.949
North America (EI),1990,11188.664
North America (EI),1991,10966.316
North America (EI),1992,11192.299
North America (EI),1993,11278.325
North America (EI),1994,11613.777
North America (EI),1995,11566.787
North America (EI),1996,11957.429
North America (EI),1997,12164.238
North America (EI),1998,12400.766
North America (EI),1999,12699.69
North America (EI),2000,12881.76
North America (EI),2001,12889.897
North America (EI),2002,12876.064
North America (EI),2003,13119.029
North America (EI),2004,13618.206
North America (EI),2005,13688.425
North America (EI),2006,13513.999
North America (EI),2007,13531.216
North America (EI),2008,12796.534
North America (EI),2009,12176.447
North America (EI),2010,12330.714
North America (EI),2011,12153.883
North America (EI),2012,11971.251
North America (EI),2013,12081.254
North America (EI),2014,12089.108
North America (EI),2015,12256.896
North America (EI),2016,12356.663
North America (EI),2017,12413.804
North America (EI),2018,12625.923
North America (EI),2019,12558.285
North America (EI),2020,10975.863
North America (EI),2021,11973.02
North America (EI),2022,12175.255
North America (EI),2023,12235.452
North Macedonia,1990,12.741
North Macedonia,1991,11.406
North Macedonia,1992,12.287
North Macedonia,1993,13.217
North Macedonia,1994,10.266
North Macedonia,1995,9.655
North Macedonia,1996,14.679
North Macedonia,1997,12.305
North Macedonia,1998,11.075
North Macedonia,1999,11.076
North Macedonia,2000,11.269
North Macedonia,2001,9.232
North Macedonia,2002,10.424
North Macedonia,2003,10.086
North Macedonia,2004,10.276
North Macedonia,2005,10.619
North Macedonia,2006,11.224
North Macedonia,2007,12.111
North Macedonia,2008,10.954
North Macedonia,2009,11.272
North Macedonia,2010,10.98
North Macedonia,2011,11.352
North Macedonia,2012,10.972
North Macedonia,2013,10.721
North Macedonia,2014,10.639
North Macedonia,2015,11.401
North Macedonia,2016,12.804
North Macedonia,2017,12.186
North Macedonia,2018,12.718
North Macedonia,2019,12.735
North Macedonia,2020,11.743
North Macedonia,2021,12.748
North Macedonia,2022,13.929
North Macedonia,2023,14.064
Norway,1990,102.263
Norway,1991,96.731
Norway,1992,96.992
Norway,1993,99.619
Norway,1994,103.51
Norway,1995,106.97
Norway,1996,114.439
Norway,1997,114.829
Norway,1998,115.234
Norway,1999,116.519
Norway,2000,108.985
Norway,2001,114.805
Norway,2002,113.964
Norway,2003,118.462
Norway,2004,113.563
Norway,2005,115.055
Norway,2006,117.824
Norway,2007,121.141
Norway,2008,114.245
Norway,2009,113.28
Norway,2010,119.778
Norway,2011,116.164
Norway,2012,116.09
Norway,2013,117.565
Norway,2014,114.271
Norway,2015,116.294
Norway,2016,112.659
Norway,2017,111.996
Norway,2018,115.443
Norway,2019,110.243
Norway,2020,102.117
Norway,2021,104.959
Norway,2022,107.24
Norway,2023,106.811
OECD (EI),1990,23583.449
OECD (EI),1991,23721.186
OECD (EI),1992,24321.604
OECD (EI),1993,24409.043
OECD (EI),1994,25087.377
OECD (EI),1995,25359.932
OECD (EI),1996,26099.451
OECD (EI),1997,26439.533
OECD (EI),1998,26567.525
OECD (EI),1999,26969.047
OECD (EI),2000,27054.465
OECD (EI),2001,27002.035
OECD (EI),2002,26927.977
OECD (EI),2003,27290.318
OECD (EI),2004,27809.818
OECD (EI),2005,27976.814
OECD (EI),2006,27713.027
OECD (EI),2007,27554.207
OECD (EI),2008,26557.865
OECD (EI),2009,25177.391
OECD (EI),2010,25362.791
OECD (EI),2011,24995.922
OECD (EI),2012,24804.49
OECD (EI),2013,24675.445
OECD (EI),2014,24417.666
OECD (EI),2015,24755.473
OECD (EI),2016,25108.842
OECD (EI),2017,25364.838
OECD (EI),2018,25457.273
OECD (EI),2019,25265.943
OECD (EI),2020,22146.453
OECD (EI),2021,23705.83
OECD (EI),2022,24285.07
OECD (EI),2023,24207.051
Oman,1990,22.101
Oman,1991,35.978
Oman,1992,33.162
Oman,1993,32.122
Oman,1994,27.224
Oman,1995,30.478
Oman,1996,29.043
Oman,1997,25.347
Oman,1998,25.26
Oman,1999,31.589
Oman,2000,34.169
Oman,2001,38.882
Oman,2002,44.713
Oman,2003,42.715
Oman,2004,41.731
Oman,2005,47.424
Oman,2006,49.878
Oman,2007,50.931
Oman,2008,66.966
Oman,2009,63.707
Oman,2010,72.778
Oman,2011,78.741
Oman,2012,85.788
Oman,2013,99.684
Oman,2014,102.236
Oman,2015,105.74
Oman,2016,108.508
Oman,2017,118.944
Oman,2018,124.87
Oman,2019,122.143
Oman,2020,99.792
Oman,2021,110.458
Oman,2022,126.109
Oman,2023,129.454
Pakistan,1990,127.602
Pakistan,1991,134.325
Pakistan,1992,146.811
Pakistan,1993,160.042
Pakistan,1994,171.563
Pakistan,1995,185.976
Pakistan,1996,195.59
Pakistan,1997,201.591
Pakistan,1998,208.44
Pakistan,1999,216.014
Pakistan,2000,223.082
Pakistan,2001,218.722
Pakistan,2002,213.196
Pakistan,2003,189.239
Pakistan,2004,191.357
Pakistan,2005,181.895
Pakistan,2006,208.938
Pakistan,2007,227.316
Pakistan,2008,230.71
Pakistan,2009,246.171
Pakistan,2010,243.88
Pakistan,2011,245.532
Pakistan,2012,237.932
Pakistan,2013,260.812
Pakistan,2014,269.726
Pakistan,2015,293.961
Pakistan,2016,328.849
Pakistan,2017,339.493
Pakistan,2018,283.339
Pakistan,2019,250.625
Pakistan,2020,243.721
Pakistan,2021,283.124
Pakistan,2022,275.142
Pakistan,2023,217.189
Peru,1990,69.653
Peru,1991,64.454
Peru,1992,67.455
Peru,1993,70.536
Peru,1994,76.616
Peru,1995,86.406
Peru,1996,89.128
Peru,1997,88.138
Peru,1998,88.674
Peru,1999,90.521
Peru,2000,88.371
Peru,2001,83.597
Peru,2002,82.796
Peru,2003,78.317
Peru,2004,87.45
Peru,2005,85.746
Peru,2006,81.611
Peru,2007,84.947
Peru,2008,95.092
Peru,2009,96.45
Peru,2010,101.518
Peru,2011,112.069
Peru,2012,111.45
Peru,2013,116.811
Peru,2014,114.936
Peru,2015,122.69
Peru,2016,130.314
Peru,2017,132.514
Peru,2018,136.588
Peru,2019,140.729
Peru,2020,107.006
Peru,2021,132.541
Peru,2022,140.197
Peru,2023,144.112
Philippines,1990,138.086
Philippines,1991,134.888
Philippines,1992,153.053
Philippines,1993,168.785
Philippines,1994,173.192
Philippines,1995,203.454
Philippines,1996,211.866
Philippines,1997,231.853
Philippines,1998,225.175
Philippines,1999,212.494
Philippines,2000,197.784
Philippines,2001,196.751
Philippines,2002,187.043
Philippines,2003,185.976
Philippines,2004,189.621
Philippines,2005,174.768
Philippines,2006,160.227
Philippines,2007,166.138
Philippines,2008,158.714
Philippines,2009,166.452
Philippines,2010,173.309
Philippines,2011,163.807
Philippines,2012,170.33
Philippines,2013,177.934
Philippines,2014,188.792
Philippines,2015,215.399
Philippines,2016,231.167
Philippines,2017,247.428
Philippines,2018,251.686
Philippines,2019,256.946
Philippines,2020,209.641
Philippines,2021,225.743
Philippines,2022,247.81
Philippines,2023,259.203
Poland,1990,189.755
Poland,1991,179.2
Poland,1992,163.771
Poland,1993,168.937
Poland,1994,178.154
Poland,1995,180.453
Poland,1996,210.813
Poland,1997,219.717
Poland,1998,249.881
Poland,1999,261.757
Poland,2000,240.631
Poland,2001,235.08
Poland,2002,239.598
Poland,2003,243.364
Poland,2004,260.058
Poland,2005,266.566
Poland,2006,284.992
Poland,2007,292.657
Poland,2008,300.851
Poland,2009,298.742
Poland,2010,314.125
Poland,2011,311.506
Poland,2012,298.371
Poland,2013,277.346
Poland,2014,277.497
Poland,2015,292.993
Poland,2016,321.587
Poland,2017,362.947
Poland,2018,372.289
Poland,2019,379.485
Poland,2020,359.475
Poland,2021,375.108
Poland,2022,389.426
Poland,2023,390.332
Portugal,1990,140.239
Portugal,1991,146.447
Portugal,1992,162.936
Portugal,1993,153.689
Portugal,1994,155.427
Portugal,1995,167.952
Portugal,1996,159.858
Portugal,1997,171.578
Portugal,1998,187.912
Portugal,1999,193.706
Portugal,2000,189.418
Portugal,2001,189.534
Portugal,2002,196.066
Portugal,2003,184.262
Portugal,2004,186.395
Portugal,2005,192.489
Portugal,2006,170.369
Portugal,2007,172.202
Portugal,2008,164.787
Portugal,2009,152.806
Portugal,2010,149.482
Portugal,2011,140.129
Portugal,2012,127.397
Portugal,2013,130.736
Portugal,2014,129.182
Portugal,2015,132.168
Portugal,2016,134.934
Portugal,2017,135.992
Portugal,2018,135.368
Portugal,2019,139.919
Portugal,2020,114.113
Portugal,2021,117.346
Portugal,2022,129.039
Portugal,2023,123.636
Qatar,1990,13.633
Qatar,1991,11.842
Qatar,1992,13.676
Qatar,1993,14.634
Qatar,1994,16.943
Qatar,1995,16.423
Qatar,1996,18.12
Qatar,1997,22.133
Qatar,1998,23.504
Qatar,1999,22.346
Qatar,2000,21.872
Qatar,2001,24.909
Qatar,2002,28.16
Qatar,2003,32.888
Qatar,2004,40.446
Qatar,2005,44.747
Qatar,2006,57.566
Qatar,2007,63.685
Qatar,2008,77.162
Qatar,2009,75.474
Qatar,2010,81.083
Qatar,2011,102.545
Qatar,2012,108.157
Qatar,2013,129.22
Qatar,2014,136.325
Qatar,2015,159.367
Qatar,2016,168.922
Qatar,2017,151.884
Qatar,2018,154.985
Qatar,2019,169.019
Qatar,2020,126.878
Qatar,2021,140.27
Qatar,2022,162.082
Qatar,2023,170.206
Romania,1990,220.018
Romania,1991,182.631
Romania,1992,149.544
Romania,1993,141.77
Romania,1994,131.54
Romania,1995,158.805
Romania,1996,152.257
Romania,1997,159.249
Romania,1998,139.621
Romania,1999,110.901
Romania,2000,116.519
Romania,2001,124.172
Romania,2002,125.248
Romania,2003,111.209
Romania,2004,127.752
Romania,2005,125.396
Romania,2006,121.602
Romania,2007,121.717
Romania,2008,119.239
Romania,2009,106.054
Romania,2010,100.382
Romania,2011,105.372
Romania,2012,106.774
Romania,2013,100.044
Romania,2014,102.803
Romania,2015,104.6
Romania,2016,109.43
Romania,2017,115.043
Romania,2018,114.964
Romania,2019,120.234
Romania,2020,116.285
Romania,2021,124.887
Romania,2022,126.407
Romania,2023,126.52
Russia,1990,2984.632
Russia,1991,2908.479
Russia,1992,2777.474
Russia,1993,2316.029
Russia,1994,2046.037
Russia,1995,1785.45
Russia,1996,1539.509
Russia,1997,1526.907
Russia,1998,1462.641
Russia,1999,1495.316
Russia,2000,1465.806
Russia,2001,1509.422
Russia,2002,1456.214
Russia,2003,1509.185
Russia,2004,1488.477
Russia,2005,1493.819
Russia,2006,1569.591
Russia,2007,1561.667
Russia,2008,1611.649
Russia,2009,1546.319
Russia,2010,1604.92
Russia,2011,1721.716
Russia,2012,1780.806
Russia,2013,1785.025
Russia,2014,1875.539
Russia,2015,1812.358
Russia,2016,1839.121
Russia,2017,1833.12
Russia,2018,1850.849
Russia,2019,1888.724
Russia,2020,1815.754
Russia,2021,1930.519
Russia,2022,1982.627
Russia,2023,2003.207
Saudi Arabia,1990,609.897
Saudi Arabia,1991,638.337
Saudi Arabia,1992,618.381
Saudi Arabia,1993,622.47
Saudi Arabia,1994,753.265
Saudi Arabia,1995,722.171
Saudi Arabia,1996,746.658
Saudi Arabia,1997,759.519
Saudi Arabia,1998,807.787
Saudi Arabia,1999,836.53
Saudi Arabia,2000,861.685
Saudi Arabia,2001,912.186
Saudi Arabia,2002,942.589
Saudi Arabia,2003,998.437
Saudi Arabia,2004,1078.324
Saudi Arabia,2005,1134.001
Saudi Arabia,2006,1202.06
Saudi Arabia,2007,1236.422
Saudi Arabia,2008,1363.536
Saudi Arabia,2009,1459.588
Saudi Arabia,2010,1617.539
Saudi Arabia,2011,1680.04
Saudi Arabia,2012,1769.607
Saudi Arabia,2013,1779.671
Saudi Arabia,2014,1957.39
Saudi Arabia,2015,2063.19
Saudi Arabia,2016,2125.696
Saudi Arabia,2017,2087.792
Saudi Arabia,2018,1979.128
Saudi Arabia,2019,1854.147
Saudi Arabia,2020,1754.324
Saudi Arabia,2021,1833.843
Singapore,1990,272.583
Singapore,1991,277.385
Singapore,1992,287.141
Singapore,1993,310.942
Singapore,1994,357.766
Singapore,1995,373.776
Singapore,1996,377.442
Singapore,1997,397.769
Singapore,1998,403.477
Singapore,1999,399.294
Singapore,2000,425.658
Singapore,2001,455.654
Singapore,2002,433.575
Singapore,2003,401.48
Singapore,2004,445.818
Singapore,2005,473.307
Singapore,2006,507.913
Singapore,2007,552.24
Singapore,2008,588.78
Singapore,2009,634.787
Singapore,2010,687.981
Singapore,2011,717.663
Singapore,2012,712.693
Singapore,2013,706.987
Singapore,2014,717.439
Singapore,2015,755.166
Singapore,2016,799.98
Singapore,2017,813.88
Singapore,2018,819.388
Singapore,2019,795.926
Singapore,2020,776.536
Singapore,2021,768.612
Singapore,2022,741.596
Singapore,2023,831.706
Slovakia,1990,58.393
Slovakia,1991,51.293
Slovakia,1992,46.663
Slovakia,1993,38.617
Slovakia,1994,39.999
Slovakia,1995,38.879
Slovakia,1996,40.554
Slovakia,1997,40.503
Slovakia,1998,45.371
Slovakia,1999,41.135
Slovakia,2000,40.865
Slovakia,2001,37.862
Slovakia,2002,42.189
Slovakia,2003,39.816
Slovakia,2004,39.153
Slovakia,2005,46.303
Slovakia,2006,42.982
Slovakia,2007,45.141
Slovakia,2008,47.469
Slovakia,2009,43.663
Slovakia,2010,45.788
Slovakia,2011,45.027
Slovakia,2012,41.787
Slovakia,2013,41.738
Slovakia,2014,38.726
Slovakia,2015,42.22
Slovakia,2016,44.019
Slovakia,2017,49.124
Slovakia,2018,49.683
Slovakia,2019,47.018
Slovakia,2020,46.985
Slovakia,2021,49.438
Slovakia,2022,50.027
Slovakia,2023,50.332
Slovenia,1990,20.017
Slovenia,1991,19.361
Slovenia,1992,18.788
Slovenia,1993,22.7
Slovenia,1994,24.543
Slovenia,1995,26.547
Slovenia,1996,30.701
Slovenia,1997,30.703
Slovenia,1998,29.419
Slovenia,1999,29.494
Slovenia,2000,28.009
Slovenia,2001,29.408
Slovenia,2002,28.556
Slovenia,2003,28.936
Slovenia,2004,29.821
Slovenia,2005,30.444
Slovenia,2006,31.641
Slovenia,2007,31.267
Slovenia,2008,36.39
Slovenia,2009,30.854
Slovenia,2010,30.972
Slovenia,2011,30.851
Slovenia,2012,30.204
Slovenia,2013,28.556
Slovenia,2014,28.241
Slovenia,2015,27.818
Slovenia,2016,29.853
Slovenia,2017,30.568
Slovenia,2018,31.447
Slovenia,2019,29.977
Slovenia,2020,25.082
Slovenia,2021,26.842
Slovenia,2022,28.228
Slovenia,2023,25.043
South Africa,1990,200.102
South Africa,1991,201.755
South Africa,1992,208.364
South Africa,1993,216.773
South Africa,1994,226.234
South Africa,1995,241.261
South Africa,1996,248.507
South Africa,1997,252.603
South Africa,1998,256.453
South Africa,1999,259.981
South Africa,2000,264.298
South Africa,2001,269.982
South Africa,2002,276.942
South Africa,2003,286.923
South Africa,2004,297.692
South Africa,2005,298.219
South Africa,2006,304.012
South Africa,2007,310.248
South Africa,2008,294.213
South Africa,2009,288.546
South Africa,2010,302.437
South Africa,2011,306.035
South Africa,2012,313.721
South Africa,2013,319.234
South Africa,2014,314.867
South Africa,2015,347.193
South Africa,2016,333.977
South Africa,2017,333.866
South Africa,2018,333.238
South Africa,2019,330.394
South Africa,2020,267.85
South Africa,2021,288.83
South Africa,2022,295.22
South Africa,2023,301.636
South Korea,1990,589.911
South Korea,1991,717.348
South Korea,1992,868.075
South Korea,1993,953.182
South Korea,1994,1046.295
South Korea,1995,1141.576
South Korea,1996,1221.481
South Korea,1997,1342.776
South Korea,1998,1114.908
South Korea,1999,1196.846
South Korea,2000,1225.842
South Korea,2001,1226.014
South Korea,2002,1247.841
South Korea,2003,1258.714
South Korea,2004,1249.644
South Korea,2005,1255.246
South Korea,2006,1257.051
South Korea,2007,1290.846
South Korea,2008,1230.938
South Korea,2009,1245.849
South Korea,2010,1272.036
South Korea,2011,1284.155
South Korea,2012,1330.127
South Korea,2013,1329.086
South Korea,2014,1321.227
South Korea,2015,1384.19
South Korea,2016,1509.177
South Korea,2017,1497.459
South Korea,2018,1490.344
South Korea,2019,1475.317
South Korea,2020,1405.675
South Korea,2021,1499.434
South Korea,2022,1518.494
South Korea,2023,1489.859
South and Central America (EI),1990,2009.603
South and Central America (EI),1991,2022.953
South and Central America (EI),1992,2109.144
South and Central America (EI),1993,2134.903
South and Central America (EI),1994,2277.683
South and Central America (EI),1995,2377.18
South and Central America (EI),1996,2431.76
South and Central America (EI),1997,2593.212
South and Central America (EI),1998,2661.194
South and Central America (EI),1999,2666.125
South and Central America (EI),2000,2761.599
South and Central America (EI),2001,2813.797
South and Central America (EI),2002,2796.888
South and Central America (EI),2003,2729.362
South and Central America (EI),2004,2855.507
South and Central America (EI),2005,2925.181
South and Central America (EI),2006,3026.92
South and Central America (EI),2007,3174.959
South and Central America (EI),2008,3267.123
South and Central America (EI),2009,3222.037
South and Central America (EI),2010,3358.371
South and Central America (EI),2011,3466.897
South and Central America (EI),2012,3610.166
South and Central America (EI),2013,3682.357
South and Central America (EI),2014,3726.058
South and Central America (EI),2015,3607.356
South and Central America (EI),2016,3549.163
South and Central America (EI),2017,3508.421
South and Central America (EI),2018,3391.778
South and Central America (EI),2019,3354.177
South and Central America (EI),2020,2910.463
South and Central America (EI),2021,3256.369
South and Central America (EI),2022,3496.541
South and Central America (EI),2023,3614.027
Spain,1990,556.6
Spain,1991,568.649
Spain,1992,637.358
Spain,1993,607.893
Spain,1994,638.545
Spain,1995,679.264
Spain,1996,697.584
Spain,1997,705.987
Spain,1998,762.261
Spain,1999,810.898
Spain,2000,822.153
Spain,2001,848.199
Spain,2002,866.395
Spain,2003,875.835
Spain,2004,883.771
Spain,2005,906.246
Spain,2006,898.302
Spain,2007,905.739
Spain,2008,866.659
Spain,2009,814.511
Spain,2010,794.101
Spain,2011,757.266
Spain,2012,700.007
Spain,2013,675.858
Spain,2014,678.841
Spain,2015,701.328
Spain,2016,719.221
Spain,2017,723.653
Spain,2018,733.645
Spain,2019,735.607
Spain,2020,591.83
Spain,2021,654.146
Spain,2022,725.287
Spain,2023,713.415
Sri Lanka,1990,20.588
Sri Lanka,1991,20.604
Sri Lanka,1992,23.417
Sri Lanka,1993,23.672
Sri Lanka,1994,25.714
Sri Lanka,1995,27.378
Sri Lanka,1996,33.237
Sri Lanka,1997,34.04
Sri Lanka,1998,35.577
Sri Lanka,1999,38.356
Sri Lanka,2000,44.057
Sri Lanka,2001,42.859
Sri Lanka,2002,45.486
Sri Lanka,2003,44.725
Sri Lanka,2004,44.749
Sri Lanka,2005,51.173
Sri Lanka,2006,52.585
Sri Lanka,2007,55.729
Sri Lanka,2008,51.229
Sri Lanka,2009,52.809
Sri Lanka,2010,52.981
Sri Lanka,2011,59.077
Sri Lanka,2012,63.094
Sri Lanka,2013,53.987
Sri Lanka,2014,61.877
Sri Lanka,2015,59.549
Sri Lanka,2016,72.915
Sri Lanka,2017,78.414
Sri Lanka,2018,78.145
Sri Lanka,2019,81.442
Sri Lanka,2020,69.958
Sri Lanka,2021,66.111
Sri Lanka,2022,55.179
Sri Lanka,2023,60.621
Sweden,1990,189.635
Sweden,1991,191.265
Sweden,1992,207.715
Sweden,1993,205.331
Sweden,1994,219.892
Sweden,1995,218.797
Sweden,1996,235.021
Sweden,1997,222.363
Sweden,1998,226.84
Sweden,1999,222.962
Sweden,2000,204.42
Sweden,2001,205.107
Sweden,2002,205.53
Sweden,2003,205.914
Sweden,2004,204.079
Sweden,2005,196.897
Sweden,2006,195.634
Sweden,2007,191.29
Sweden,2008,187.61
Sweden,2009,174.766
Sweden,2010,182.269
Sweden,2011,168.609
Sweden,2012,161.835
Sweden,2013,158.019
Sweden,2014,155.696
Sweden,2015,153.648
Sweden,2016,158.838
Sweden,2017,161.745
Sweden,2018,142.698
Sweden,2019,145.296
Sweden,2020,134.45
Sweden,2021,147.195
Sweden,2022,132.725
Sweden,2023,129.5
Switzerland,1990,154.298
Switzerland,1991,156.952
Switzerland,1992,159.138
Switzerland,1993,149.114
Switzerland,1994,154.102
Switzerland,1995,142.8
Switzerland,1996,147.924
Switzerland,1997,155.626
Switzerland,1998,157.545
Switzerland,1999,152.874
Switzerland,2000,148.286
Switzerland,2001,158.696
Switzerland,2002,150.42
Switzerland,2003,146.388
Switzerland,2004,149.644
Switzerland,2005,150.236
Switzerland,2006,149.461
Switzerland,2007,143.287
Switzerland,2008,148.414
Switzerland,2009,144.264
Switzerland,2010,147.45
Switzerland,2011,136.5
Switzerland,2012,139.246
Switzerland,2013,141.592
Switzerland,2014,128.455
Switzerland,2015,129.561
Switzerland,2016,122.349
Switzerland,2017,125.385
Switzerland,2018,120.372
Switzerland,2019,123.533
Switzerland,2020,102.538
Switzerland,2021,102.788
Switzerland,2022,105.803
Switzerland,2023,107.38
Taiwan,1990,324.527
Taiwan,1991,336.491
Taiwan,1992,349.97
Taiwan,1993,372.709
Taiwan,1994,396.749
Taiwan,1995,431.468
Taiwan,1996,431.261
Taiwan,1997,442.641
Taiwan,1998,457.719
Taiwan,1999,490.07
Taiwan,2000,500.492
Taiwan,2001,518.609
Taiwan,2002,518.463
Taiwan,2003,542.076
Taiwan,2004,554.119
Taiwan,2005,557.941
Taiwan,2006,562.38
Taiwan,2007,583.015
Taiwan,2008,545.445
Taiwan,2009,532.042
Taiwan,2010,555.737
Taiwan,2011,517.71
Taiwan,2012,509.284
Taiwan,2013,521.891
Taiwan,2014,538.76
Taiwan,2015,553.814
Taiwan,2016,554.212
Taiwan,2017,550.433
Taiwan,2018,546.505
Taiwan,2019,515.637
Taiwan,2020,493.496
Taiwan,2021,522.238
Taiwan,2022,480.796
Taiwan,2023,454.153
Thailand,1990,233.325
Thailand,1991,248.828
Thailand,1992,276.58
Thailand,1993,318.457
Thailand,1994,356.387
Thailand,1995,405.904
Thailand,1996,449.204
Thailand,1997,451.555
Thailand,1998,409.97
Thailand,1999,431.138
Thailand,2000,418.939
Thailand,2001,414.405
Thailand,2002,448.202
Thailand,2003,491.361
Thailand,2004,544.581
Thailand,2005,543.148
Thailand,2006,539.189
Thailand,2007,533.296
Thailand,2008,502.643
Thailand,2009,518.445
Thailand,2010,534.345
Thailand,2011,543.492
Thailand,2012,564.366
Thailand,2013,584.294
Thailand,2014,590.702
Thailand,2015,604.417
Thailand,2016,625.278
Thailand,2017,644.634
Thailand,2018,658.427
Thailand,2019,665.997
Thailand,2020,596.249
Thailand,2021,599.142
Thailand,2022,643.549
Thailand,2023,641.944
Trinidad and Tobago,1990,14.867
Trinidad and Tobago,1991,13.957
Trinidad and Tobago,1992,19.863
Trinidad and Tobago,1993,17.295
Trinidad and Tobago,1994,13.184
Trinidad and Tobago,1995,15.053
Trinidad and Tobago,1996,17.403
Trinidad and Tobago,1997,10.274
Trinidad and Tobago,1998,11.79
Trinidad and Tobago,1999,20.854
Trinidad and Tobago,2000,17.416
Trinidad and Tobago,2001,17.94
Trinidad and Tobago,2002,19.452
Trinidad and Tobago,2003,19.539
Trinidad and Tobago,2004,20.994
Trinidad and Tobago,2005,23.4
Trinidad and Tobago,2006,24.092
Trinidad and Tobago,2007,24.856
Trinidad and Tobago,2008,26.432
Trinidad and Tobago,2009,25.536
Trinidad and Tobago,2010,26.108
Trinidad and Tobago,2011,25.714
Trinidad and Tobago,2012,23.543
Trinidad and Tobago,2013,25.006
Trinidad and Tobago,2014,23.717
Trinidad and Tobago,2015,25.572
Trinidad and Tobago,2016,26.311
Trinidad and Tobago,2017,23.557
Trinidad and Tobago,2018,20.275
Trinidad and Tobago,2019,20.454
Trinidad and Tobago,2020,17.47
Trinidad and Tobago,2021,17.052
Trinidad and Tobago,2022,18.34
Trinidad and Tobago,2023,18.794
Turkey,1990,273.813
Turkey,1991,266.881
Turkey,1992,282.053
Turkey,1993,323.313
Turkey,1994,309.139
Turkey,1995,346.679
Turkey,1996,362.103
Turkey,1997,356.599
Turkey,1998,355.677
Turkey,1999,354.11
Turkey,2000,370.699
Turkey,2001,344.843
Turkey,2002,369.482
Turkey,2003,363.709
Turkey,2004,371.833
Turkey,2005,367.382
Turkey,2006,381.827
Turkey,2007,388.9
Turkey,2008,382.559
Turkey,2009,389.527
Turkey,2010,374.554
Turkey,2011,364.078
Turkey,2012,383.572
Turkey,2013,412.151
Turkey,2014,423.302
Turkey,2015,498.664
Turkey,2016,533.831
Turkey,2017,578.778
Turkey,2018,579.382
Turkey,2019,576.531
Turkey,2020,547.577
Turkey,2021,581.605
Turkey,2022,606.453
Turkey,2023,639.114
Turkmenistan,1990,63.933
Turkmenistan,1991,51.544
Turkmenistan,1992,47.872
Turkmenistan,1993,39.216
Turkmenistan,1994,39.294
Turkmenistan,1995,28.279
Turkmenistan,1996,37.93
Turkmenistan,1997,39.305
Turkmenistan,1998,37.346
Turkmenistan,1999,30.962
Turkmenistan,2000,58.318
Turkmenistan,2001,46.95
Turkmenistan,2002,55.357
Turkmenistan,2003,51.781
Turkmenistan,2004,72.196
Turkmenistan,2005,59.063
Turkmenistan,2006,60.105
Turkmenistan,2007,54.302
Turkmenistan,2008,75.551
Turkmenistan,2009,55.802
Turkmenistan,2010,64.037
Turkmenistan,2011,59.615
Turkmenistan,2012,85.659
Turkmenistan,2013,74.708
Turkmenistan,2014,84.056
Turkmenistan,2015,68.911
Turkmenistan,2016,97.923
Turkmenistan,2017,77.265
Turkmenistan,2018,82.556
Turkmenistan,2019,72.412
Turkmenistan,2020,97.238
Turkmenistan,2021,75.489
Turkmenistan,2022,77.418
Turkmenistan,2023,77.414
Ukraine,1990,771.842
Ukraine,1991,739.897
Ukraine,1992,474.051
Ukraine,1993,341.129
Ukraine,1994,294.879
Ukraine,1995,305.811
Ukraine,1996,189.814
Ukraine,1997,219.581
Ukraine,1998,200.874
Ukraine,1999,151.311
Ukraine,2000,142.378
Ukraine,2001,157.055
Ukraine,2002,159.518
Ukraine,2003,165.028
Ukraine,2004,165.99
Ukraine,2005,170.23
Ukraine,2006,174.579
Ukraine,2007,180.38
Ukraine,2008,172.895
Ukraine,2009,168.18
Ukraine,2010,161.756
Ukraine,2011,161.096
Ukraine,2012,159.763
Ukraine,2013,151.433
Ukraine,2014,133.587
Ukraine,2015,119.474
Ukraine,2016,125.162
Ukraine,2017,125.789
Ukraine,2018,130.707
Ukraine,2019,128.969
Ukraine,2020,121.784
Ukraine,2021,123.14
Ukraine,2022,107.295
Ukraine,2023,109.061
United Arab Emirates,1990,180.08
United Arab Emirates,1991,222.327
United Arab Emirates,1992,223.883
United Arab Emirates,1993,231.98
United Arab Emirates,1994,243.252
United Arab Emirates,1995,243.169
United Arab Emirates,1996,234.975
United Arab Emirates,1997,238.706
United Arab Emirates,1998,237.81
United Arab Emirates,1999,232.024
United Arab Emirates,2000,229.339
United Arab Emirates,2001,226.621
United Arab Emirates,2002,235.307
United Arab Emirates,2003,260.535
United Arab Emirates,2004,281.556
United Arab Emirates,2005,292.919
United Arab Emirates,2006,315.258
United Arab Emirates,2007,337.402
United Arab Emirates,2008,354.688
United Arab Emirates,2009,346.492
United Arab Emirates,2010,372.071
United Arab Emirates,2011,399.339
United Arab Emirates,2012,418.649
United Arab Emirates,2013,464.93
United Arab Emirates,2014,472.738
United Arab Emirates,2015,492.332
United Arab Emirates,2016,534.751
United Arab Emirates,2017,532.15
United Arab Emirates,2018,529.368
United Arab Emirates,2019,516.871
United Arab Emirates,2020,483.562
United Arab Emirates,2021,517.914
United Arab Emirates,2022,595.798
United Arab Emirates,2023,612.222
United Kingdom,1990,1000.721
United Kingdom,1991,996.056
United Kingdom,1992,1007.183
United Kingdom,1993,1012.239
United Kingdom,1994,1001.667
United Kingdom,1995,989.954
United Kingdom,1996,1014.602
United Kingdom,1997,985.443
United Kingdom,1998,975.03
United Kingdom,1999,962.244
United Kingdom,2000,951.954
United Kingdom,2001,947.549
United Kingdom,2002,940.243
United Kingdom,2003,947.682
United Kingdom,2004,973.814
United Kingdom,2005,1001.766
United Kingdom,2006,991.901
United Kingdom,2007,964.176
United Kingdom,2008,944.148
United Kingdom,2009,899.3
United Kingdom,2010,884.787
United Kingdom,2011,866.999
United Kingdom,2012,843.672
United Kingdom,2013,828.548
United Kingdom,2014,829.314
United Kingdom,2015,851.876
United Kingdom,2016,870.479
United Kingdom,2017,882.034
United Kingdom,2018,871.235
United Kingdom,2019,853.756
United Kingdom,2020,657.192
United Kingdom,2021,681.619
United Kingdom,2022,736.121
United Kingdom,2023,746.78
United States,1990,9309.47
United States,1991,9111.919
United States,1992,9301.152
United States,1993,9382.406
United States,1994,9623.489
United States,1995,9600.031
United States,1996,9951.113
United States,1997,10083.609
United States,1998,10251.976
United States,1999,10537.062
United States,2000,10654.942
United States,2001,10642.425
United States,2002,10641.834
United States,2003,10806.654
United States,2004,11199.436
United States,2005,11216.509
United States,2006,11072.753
United States,2007,11004.68
United States,2008,10275.43
United States,2009,9742.24
United States,2010,9892.909
United States,2011,9697.58
United States,2012,9472.09
United States,2013,9628.432
United States,2014,9692.96
United States,2015,9891.111
United States,2016,9965.476
United States,2017,10062.591
United States,2018,10303.762
United States,2019,10287.683
United States,2020,9035.32
United States,2021,9868.985
United States,2022,9930.587
United States,2023,9960.662
Upper-middle-income countries,1990,8875.758
Upper-middle-income countries,1991,8863.961
Upper-middle-income countries,1992,9008.236
Upper-middle-income countries,1993,8802.607
Upper-middle-income countries,1994,8728.764
Upper-middle-income countries,1995,8730.796
Upper-middle-income countries,1996,8832.009
Upper-middle-income countries,1997,9313.504
Upper-middle-income countries,1998,9176.561
Upper-middle-income countries,1999,9278.991
Upper-middle-income countries,2000,9765.477
Upper-middle-income countries,2001,9895.415
Upper-middle-income countries,2002,10066.906
Upper-middle-income countries,2003,10481.439
Upper-middle-income countries,2004,11331.308
Upper-middle-income countries,2005,11530.056
Upper-middle-income countries,2006,11915.483
Upper-middle-income countries,2007,12305.306
Upper-middle-income countries,2008,12573.638
Upper-middle-income countries,2009,12584.823
Upper-middle-income countries,2010,13463.982
Upper-middle-income countries,2011,14009.502
Upper-middle-income countries,2012,14733.096
Upper-middle-income countries,2013,15088.097
Upper-middle-income countries,2014,15411.668
Upper-middle-income countries,2015,15632.807
Upper-middle-income countries,2016,15915.945
Upper-middle-income countries,2017,16347.349
Upper-middle-income countries,2018,16589.244
Upper-middle-income countries,2019,16905.109
Upper-middle-income countries,2020,16054.131
Upper-middle-income countries,2021,16915.941
Upper-middle-income countries,2022,17573.004
Upper-middle-income countries,2023,18718.174
Uzbekistan,1990,130.16
Uzbekistan,1991,123.546
Uzbekistan,1992,98.576
Uzbekistan,1993,87.025
Uzbekistan,1994,75.798
Uzbekistan,1995,77.462
Uzbekistan,1996,75.81
Uzbekistan,1997,81.941
Uzbekistan,1998,80.497
Uzbekistan,1999,78.441
Uzbekistan,2000,79.69
Uzbekistan,2001,78.667
Uzbekistan,2002,78.059
Uzbekistan,2003,69.289
Uzbekistan,2004,66.61
Uzbekistan,2005,62.935
Uzbekistan,2006,64.411
Uzbekistan,2007,61.359
Uzbekistan,2008,58.529
Uzbekistan,2009,54.494
Uzbekistan,2010,53.799
Uzbekistan,2011,50.825
Uzbekistan,2012,49.221
Uzbekistan,2013,45.627
Uzbekistan,2014,46.817
Uzbekistan,2015,44.269
Uzbekistan,2016,53.287
Uzbekistan,2017,49.599
Uzbekistan,2018,56.867
Uzbekistan,2019,58.118
Uzbekistan,2020,62.331
Uzbekistan,2021,61.463
Uzbekistan,2022,61.494
Uzbekistan,2023,61.651
Venezuela,1990,244.997
Venezuela,1991,232.819
Venezuela,1992,277.844
Venezuela,1993,250.982
Venezuela,1994,280.139
Venezuela,1995,269.94
Venezuela,1996,219.437
Venezuela,1997,237.403
Venezuela,1998,221.139
Venezuela,1999,247.985
Venezuela,2000,274.566
Venezuela,2001,310.388
Venezuela,2002,326.447
Venezuela,2003,277.977
Venezuela,2004,299.736
Venezuela,2005,323.666
Venezuela,2006,349.985
Venezuela,2007,366.589
Venezuela,2008,406.019
Venezuela,2009,426.13
Venezuela,2010,429.241
Venezuela,2011,444.866
Venezuela,2012,482.219
Venezuela,2013,489.141
Venezuela,2014,452.42
Venezuela,2015,395.106
Venezuela,2016,347.06
Venezuela,2017,298.712
Venezuela,2018,237.623
Venezuela,2019,234.658
Venezuela,2020,135.119
Venezuela,2021,145.36
Venezuela,2022,179.185
Venezuela,2023,234.035
Vietnam,1990,35.012
Vietnam,1991,34.17
Vietnam,1992,37.354
Vietnam,1993,47.771
Vietnam,1994,52.941
Vietnam,1995,58.444
Vietnam,1996,67.267
Vietnam,1997,76.645
Vietnam,1998,84.686
Vietnam,1999,93.282
Vietnam,2000,101.146
Vietnam,2001,109.649
Vietnam,2002,120.419
Vietnam,2003,128.13
Vietnam,2004,152.441
Vietnam,2005,151.399
Vietnam,2006,148.51
Vietnam,2007,165.336
Vietnam,2008,173.385
Vietnam,2009,176.749
Vietnam,2010,200.762
Vietnam,2011,199.979
Vietnam,2012,200.265
Vietnam,2013,207.364
Vietnam,2014,219.13
Vietnam,2015,266.775
Vietnam,2016,294.098
Vietnam,2017,308.182
Vietnam,2018,324.449
Vietnam,2019,333.533
Vietnam,2020,282.963
Vietnam,2021,273.278
Vietnam,2022,295.888
Vietnam,2023,332.01
Western Africa (EI),1990,170.82
Western Africa (EI),1991,182.375
Western Africa (EI),1992,199.342
Western Africa (EI),1993,197.339
Western Africa (EI),1994,197.712
Western Africa (EI),1995,200.069
Western Africa (EI),1996,211.063
Western Africa (EI),1997,211.144
Western Africa (EI),1998,213.463
Western Africa (EI),1999,225.931
Western Africa (EI),2000,223.757
Western Africa (EI),2001,232.825
Western Africa (EI),2002,246.875
Western Africa (EI),2003,242.235
Western Africa (EI),2004,251.051
Western Africa (EI),2005,265.337
Western Africa (EI),2006,245.434
Western Africa (EI),2007,251.75
Western Africa (EI),2008,283.743
Western Africa (EI),2009,284.866
Western Africa (EI),2010,302.153
Western Africa (EI),2011,303.292
Western Africa (EI),2012,320.237
Western Africa (EI),2013,330.572
Western Africa (EI),2014,307.403
Western Africa (EI),2015,313.081
Western Africa (EI),2016,348.823
Western Africa (EI),2017,381.031
Western Africa (EI),2018,443.644
Western Africa (EI),2019,450.639
Western Africa (EI),2020,442.951
Western Africa (EI),2021,485.942
Western Africa (EI),2022,506.024
Western Africa (EI),2023,490.33
